Artist,Title,Mood
Prince,1999,Happy
Blonde Redhead,23,Sad
Damien Rice,9 Crimes,Sad
Nena,99 Luftballons,Happy
Underoath,A Boy Brushed Red Living In Black And White,Energetic
Emmanuelle Rimbaud,A Burden to Bear,Calm
Ron Adelaar,A La Plage,Calm
Elvis Presley,A Little Less Conversation - JXL Radio Edit Remix,Happy
Linkin Park,A Place for My Head,Energetic
Thirty Seconds To Mars,ATTACK,Energetic
Lucas & Steve,Adagio For Strings,Energetic
Josie Mehlin,Adjustments,Calm
Cooper Sams,Adrift,Calm
Billy Talent,Afraid of Heights,Energetic
TOTO,Africa,Happy
Comet Blue,After The Rain,Calm
Avenged Sevenfold,Afterlife,Energetic
One Sentence. Supervisor,Algo Rhythm,Sad
Slowdive,Alison,Sad
Paris Blohm,Alive,Energetic
Kodaline,All I Want,Sad
Angel Olsen,All Mirrors,Sad
Bullet For My Valentine,All These Things I Hate (Revolve Around Me),Energetic
Stone Temple Pilots,All in the Suit That You Wear,Energetic
John Legend,All of Me,Sad
Lost Frequencies,All or Nothing (feat. Axel Ehnström) - Deluxe Mix,Happy
Saliva,Always,Energetic
Nils Frahm,Ambre,Calm
Alexi Musnitsky,Anaviosi,Calm
Novo Amor,Anchor,Sad
Weyes Blood,Andromeda,Sad
Arlo Parks,Angel's Song,Sad
Alice In Chains,Angry Chair,Energetic
EDX,Anthem,Happy
Story Of The Year,Anthem of Our Dying Day,Energetic
Jet,Are You Gonna Be My Girl,Happy
Tobtok,As I Sleep (feat. Charlee),Energetic
Warpaint,Ashes to Ashes,Sad
Hugar,Atlavík,Calm
Toledo Rains,Auburn Sky,Calm
William Duhamel,Awaken,Calm
Puddle Of Mudd,Away From Me,Energetic
Otto Knows,Back Where I Belong (feat. Avicii),Energetic
Ton Snijders,Back+,Calm
Muzz,Bad Feeling,Sad
May,Bad Kingdom,Sad
Arlo Day,Bad Timing,Sad
Father John Misty,Ballad of the Dying Man,Sad
YuMe,Balloon,Calm
Avenged Sevenfold,Bat Country,Energetic
Bilo 503,Bayybe 07,Calm
The 1975,Be My Mistake,Sad
Lost Frequencies,Beautiful Life,Happy
Burden Brothers,Beautiful Night,Energetic
Job Roggeveen,Beekweide,Calm
Lewis Capaldi,Before You Go,Sad
Elton John,Bennie And The Jets - Remastered 2014,Happy
Rhys Lewis,Better Than Today,Sad
Jack Johnson,Better Together,Happy
Wilson Trouvé,Betty,Calm
Jeremy Olander,Billinghurst,Energetic
Billie Marten,Bird,Sad
Grandaddy,Bison on the Plains,Sad
Beach House,Black Car,Sad
(Hed) P.E.,Blackout,Energetic
Manse,Blame,Energetic
Marc Benjamin,Blaster,Energetic
Jimmy Eat World,Bleed American,Energetic
SOAK,Bloodbuzz Ohio,Sad
Hilder Sky,Bloom,Calm
Fink,Bloom Innocent,Sad
Yves V,Blow,Happy
Bingo Players,Body Rock,Happy
Limp Bizkit,Boiler,Energetic
Erik Reno,Bortom Träden,Calm
Isaac Elton,Bottom Of The Sea,Happy
Smile Empty Soul,Bottom of a Bottle,Energetic
La Acacia,Bouquet with Lilies,Calm
Limp Bizkit,Break Stuff,Energetic
Hans Voller,Breathe,Calm
Sia,Breathe Me,Sad
Fatboy Slim,Brimful of Asha - Norman Cook Remix,Happy
Lewis Capaldi,Bruises,Sad
Crazy Town,Butterfly,Happy
Ella van der Woude,Bye Bye Little House,Calm
The Mamas & The Papas,California Dreamin',Happy
Night Sounds,Calm Wilderness,Calm
Armor For Sleep,Car Underwater,Energetic
Beach House,Chariot,Sad
Blasterjaxx,Children Of Today,Energetic
The 1975,Chocolate,Happy
System Of A Down,Chop Suey!,Energetic
Marlies du Mosch,City Lights,Calm
Sia,Clap Your Hands,Happy
Jacco Wynia,Cleansing,Calm
Dhyana Thomas,Clear Skies,Calm
Saliva,Click Click Boom,Energetic
Jakob Ahlbom,Coda,Calm
Mumford & Sons,Cold Arms,Sad
Camo Columbo,Cold Nights,Sad
Kaskade,Cold as Stone (feat. Charlotte Lawrence) - Lipless Remix,Energetic
Barulinho,Colgando,Calm
Evin Iris,Collapse Into Light,Calm
The Offspring,Come Out And Play (Keep ‘Em Separated),Energetic
Zoe Connelly,Coming Home,Calm
Korn,Coming Undone,Energetic
Camila Cabello,Consequences,Sad
Lucy Rose,Conversation,Sad
Autoerotique,Count On You - ATFC's C-thru Remix,Happy
Steff da Campo,Count That - R3HAB Edit,Energetic
Ian Wong,Courage,Calm
Chris Malinchak,Crash,Happy
Hoobastank,Crawling In The Dark,Energetic
Gnarls Barkley,Crazy,Happy
The Osmonds,Crazy Horses,Happy
Radiohead,Creep,Sad
The Tides,Crossing,Calm
Third Eye Blind,Crystal Baller - 2006 Remaster,Energetic
Dean Valio,Crystal Shores,Calm
Beau Projet,Curiosity,Calm
Michael Orvind,Curious Morning,Calm
Billie Marten,Cursive,Sad
Clouseau,Daar Gaat Ze,Happy
Terence Trent D'Arby,Dance Little Sister,Happy
Calum Scott,Dancing On My Own,Sad
AFI,Dancing Through Sunday,Energetic
Sasha Sloan,Dancing With Your Ghost,Sad
Ellie Rose,Dancing With an Astronaut,Sad
Red Hot Chili Peppers,Dani California,Energetic
The National,Dark Side of the Gym,Sad
Low Roar,Darkest Hour,Sad
Light of Sun,Dawning,Calm
Tom Misch,Day 5: For Carol,Calm
Les Manger Tous,De Fléche,Calm
Anthony Ramos,Dear Diary,Sad
Nicky Romero,Deep Dark Jungle,Happy
Thomas Jackson,Den inre skogen,Calm
Lush,Desire Lines,Sad
Bayside,Devotion And Desire,Energetic
Pieter de Graaf,Dew Drops,Calm
The Soft Cavalry,Dive,Sad
KSHMR,Do Bad Well (feat. Nevve),Energetic
Steve Aoki,Do It Again,Energetic
ROSALÍA,Dolerme,Sad
Fleetwood Mac,Don't Stop,Happy
Queen,Don't Stop Me Now - 2011 Mix,Happy
Simple Minds,Don't You (Forget About Me) - Remastered,Happy
Wolf Alice,Don’t Delete The Kisses,Sad
Creedence Clearwater Revival,Down On The Corner,Happy
Rob Zombie,Dragula,Energetic
Alvvays,Dreams Tonite,Sad
Eroded Sky,Drifting,Calm
Sniff 'n' The Tears,Driver's Seat,Happy
Slipknot,Duality,Energetic
3 Doors Down,Duck And Run,Energetic
Bombay Bicycle Club,Dust On The Ground,Sad
FTampa,EDM Sux,Energetic
Ansatz Der Maschine,Eagle,Calm
Bruno Major,Easily,Sad
Philip Bailey,Easy Lover,Happy
Anna Calvi,Eden - Hunted Version,Sad
Stevie Nicks,Edge of Seventeen,Happy
Monocle Twins,Eidolon,Calm
k?d,Electronic Memories (feat. Mickey Kojak),Energetic
Jaakko Eino Kalevi,Emotions in Motion,Sad
Golden Sleep,Empty Street at Night,Calm
Sevendust,Enemy,Energetic
Benjamin Martins,Escaping Time,Calm
Peals,Essential Attitudes,Calm
Airwaves,Event Horizon,Calm
Antonio Giacca,Every Way,Energetic
R.E.M.,Everybody Hurts,Sad
Various Artists,Everyday People,Happy
Skytech,Expedition,Happy
Scary Kids Scaring Kids,Faces,Energetic
Harry Styles,Falling,Sad
Slowdive,Falling Ashes,Sad
Tiz McNamara,Falling Asleep,Sad
Korn,Falling Away from Me,Energetic
Sofie Tukker,Fantasy - R3HAB Remix,Energetic
Alphabeat,Fascination,Happy
blink-182,Feeling This,Energetic
Elementaries,Feels Like Flying,Calm
Johnny Goth,Feels Like We're Dying,Sad
Martèn LeGrand,Fields After Rain,Calm
Martèn LeGrand,Fields Of Blossom,Calm
Luna,Fire in Cairo,Sad
Valentin,Fix You,Sad
Jacco Wynia,Fleur février,Calm
Fedde Le Grand,Flex,Energetic
Michael Orvind,Floating Sunbeams,Calm
Lucas Delphy,Flowing,Calm
Low,Fly - King Britt's Fhloston Paradigm Remix,Sad
Above & Beyond,Flying by Candlelight (ABGT300) - Above & Beyond Club Mix,Energetic
Light of Sun,Focus,Calm
Andre Ehmann,Follow me,Calm
Martin Gauffin,Found,Calm
Third Party,Free,Happy
Dave Pad,Freya,Happy
The Cure,Friday I'm In Love,Happy
Thirty Seconds To Mars,From Yesterday,Energetic
Ron Adelaar,Frozen,Calm
Biba Dupont,Fête sous les étoiles,Calm
3LAU,Game Time (feat. Ninja),Happy
Seether,Gasoline,Energetic
Dexys Midnight Runners,Geno - 2000 Remaster,Happy
Daft Punk,Get Lucky (feat. Pharrell Williams & Nile Rodgers) - Radio Edit,Happy
James Brown,Get Up Offa That Thing,Happy
Papa Roach,Getting Away With Murder,Energetic
Crumb,Ghostride,Sad
Lights & Motion,Glaciers,Calm
Queens of the Stone Age,Go With The Flow,Energetic
Morgan Page,Gone My Way - KhoMha Remix,Energetic
CHIC,Good Times,Happy
The Beach Boys,Good Vibrations - Remastered,Happy
Apparat,Goodbye,Sad
Beirut,Goshen,Sad
Johann Sebastian Bach,"Gottes Zeit ist die allerbeste Zeit, BWV 106: 2a. Gottes Zeit, ist die allerbeste Zeit (Arr. For Piano Four Hands by György Kurtág)",Calm
Minxz,Goya,Calm
Steven Vrancken,Gracewood (Revisited),Calm
Alexander Motovilov,Green Street,Calm
Deee-Lite,Groove Is in the Heart,Happy
Sir Roy,Groovin,Energetic
Brand New,Guernica,Energetic
Tiësto,Halfway There (feat. Lena Leon),Energetic
Boysetsfire,Handful Of Redemption,Energetic
Joe Jackson,Happy Ending,Happy
The Turtles,Happy Together,Happy
Tash Sultana,Harvest Love,Sad
Weezer,Hash Pipe,Energetic
Avicii,Heaven - David Guetta & MORTEN Remix,Happy
Cigarettes After Sex,Heavenly,Sad
Collective Soul,Heavy,Energetic
The Beatles,Here Comes The Sun - Remastered 2009,Happy
Scary Kids Scaring Kids,Holding On,Energetic
Trapt,Hollowman,Energetic
Galantis,Holy Water,Energetic
Lucas & Steve,Home,Energetic
My Chemical Romance,"Honey, This Mirror Isn't Big Enough for the Two of Us",Energetic
Steve Aoki,Hoovela,Happy
OMC,How Bizarre,Happy
Eartheater,How To Fight,Sad
Cult Solo,Human Connection,Happy
Sick Individuals,Humans (Let Me Love You),Happy
Anna Calvi,Hunter,Sad
Monocle Twins,Hypnagogia Well,Calm
Shoffy,I Can't Help (with Sarcastic Sounds),Sad
BADBADNOTGOOD,I Don't Know (feat. Samuel T. Herring),Sad
Random Forest,I Don't Trust That Bird of Prey,Calm
Godsmack,I Stand Alone,Energetic
Mike Posner,I Took A Pill In Ibiza,Sad
KISS,I Was Made For Lovin' You,Happy
Prince,I Would Die 4 U,Happy
Efterklang,I dine øjne,Sad
My Chemical Romance,I'm Not Okay (I Promise),Energetic
Spiritualized,I'm Your Man,Sad
TT,I've Been Fine,Sad
Dimitri Vangelis & Wyman,ID8,Happy
Yonder Dale,If You Believe,Calm
King Princess,If You Think It's Love,Sad
DeLange,Images,Calm
Lucas Delphy,In This Moment,Calm
LEFT.,Indigo,Sad
Amaranth Cove,Infinite Sustain,Calm
Eline Moss,Ingénue,Calm
Hoobastank,Inside Of You,Energetic
Disturbed,Inside the Fire,Energetic
Ton Snijders,Inside*,Calm
Manuel Ponce,Intermezzo No. 1 in E Minor,Calm
Blouse,Into Black,Sad
Job Roggeveen,Isonoe,Calm
Emmrose,It Takes Me Back,Sad
X-Ecutioners,It's Goin' Down (feat. Mike Shinoda & Mr. Hahn),Energetic
Lolo Zouaï,It's My Fault,Sad
Labrinth,Jealous,Sad
Sufjan Stevens,"John Wayne Gacy, Jr.",Sad
Reinhard Vanbergen,Juliens Journey,Calm
Sharon Van Etten,Jupiter 4,Sad
Depeche Mode,Just Can't Get Enough - Live in Hammersmith,Happy
369,Just Look at You,Calm
"Grover Washington, Jr.",Just the Two of Us (feat. Bill Withers),Happy
Rosie Carney,K.,Sad
This Mortal Coil,Kangaroo (Remastered),Sad
Burgundy Skies,Kaolnite,Calm
Mark Milan,Keep Going,Calm
Bat For Lashes,Kids In The Dark,Sad
Rage Against The Machine,Killing In The Name,Energetic
Rustin Man,Kinky Living,Sad
Pale Saints,Kinky Love,Sad
Prince,Kiss,Happy
Daryl Hall & John Oates,Kiss On My List - Remastered,Happy
Isaac Elton,Kiss You All Over - Single Edit,Energetic
YuMe,Kite,Calm
Joep Beving,Klangfall - Piano Version,Calm
City of the Sun,La Luz,Calm
Johnning,Last Time,Sad
Paul Simon,Late in the Evening,Happy
Dreyma,Laugavegur,Calm
Major Lazer,Lay Your Head On Me (feat. Marcus Mumford),Happy
James Bay,Let It Go,Sad
Jehnny Beth,Let It Out,Sad
Prince,Let's Go Crazy,Happy
Oliver Heldens,Lift Me Up (feat. Carla Monroe),Energetic
Evan Michael Brown,Light Year,Calm
The National,Light Years,Sad
Mike Candys,Lights Go Down,Energetic
Isaac Elton,Like The First Time - House Mix,Energetic
Melissa Etheridge,Like The Way I Do,Happy
Fedde Le Grand,Like We Do,Energetic
Lucas Delphy,Limitless,Calm
No Vacation,Linger,Sad
The Doobie Brothers,Listen to the Music,Happy
The Used,Listening,Energetic
Minxz,Litost,Calm
Mumford & Sons,Little Lion Man,Happy
Of Monsters and Men,Little Talks,Happy
Bush,Little Things,Energetic
EERA,Living,Sad
The Kinks,"Lola - Live at Providence Civic Center, Providence, RI - September 1979",Happy
Foals,London Thunder,Sad
Andrew Gold,Lonely Boy,Happy
Tom Odell,Long Way Down,Sad
Cocteau Twins,Lorelei,Sad
Search For Atlantis,Los Feliz,Calm
Aquilo,Losing You,Sad
Annelie,Lost,Calm
Nightlands,Lost Moon,Sad
Amy Winehouse,Love Is A Losing Game,Sad
Bill Withers,Lovely Day,Happy
Marc Torch,Lunar Eclipse,Calm
Arthur Jussen,"Ma mère l'oye, M.60 - For Piano Duet, M.60: 1. Pavane de la Belle au bois dormant",Calm
Bush,Machinehead,Energetic
Hooverphonic,Mad About You,Happy
Quintino,Make Believe,Energetic
Matthew Harvey,Malibu,Calm
Tindersticks,Marbles,Sad
Paul Simon,Me and Julio Down by the Schoolyard,Happy
Biba Dupont,Melancholé,Calm
Hilary Hahn,Mercy - Live,Calm
The Police,Message In A Bottle - Remastered 2003,Happy
Nicky Romero,Midnight Sun,Energetic
Reina del Mar,Mil Sonidos,Calm
Patrick Hamilton,Mind-wanders,Calm
Amoll,Mindfulness,Calm
Daniel Blumberg,Minus,Sad
The Rolling Stones,Miss You - Remastered,Happy
Wilson Trouvé,Misty Mornings,Calm
Monocle Twins,Momentum,Calm
Le Verne,Montana,Calm
Antuigo,Monumental,Calm
Vochey,Morning Shimmer,Calm
Steven Vrancken,Moulain (Revisited 432hz),Calm
Weyes Blood,Movies,Sad
Electric Light Orchestra,Mr. Blue Sky,Happy
Staind,Mudshovel,Energetic
AURORA,"Murder Song (5, 4, 3, 2, 1) - Acoustic",Sad
The Cardigans,My Favourite Game,Energetic
Foo Fighters,My Hero,Energetic
Lit,My Own Worst Enemy,Energetic
The Knack,My Sharona,Happy
Nicky Romero,My Way - Marcus Santoro Remix,Energetic
TT,Mykki,Sad
Matteo Myderwyk,Nazareth,Calm
Faustix,Need You - Ed. & Gustav Munk Remix,Happy
Blasterjaxx,Never Be Lonely (feat. Envy Monroe),Energetic
Audien,Never Letting Go,Happy
Isobel Campbell,Never My Love,Sad
Wilson Trouvé,Night,Calm
Bob Seger,Night Moves,Happy
DeLange,Night Surrender,Calm
Jerkcurb,Night on Earth,Sad
Dada Life,No More 54,Energetic
Queens of the Stone Age,No One Knows,Energetic
Billie Eilish,No Time To Die,Sad
Whitney,No Woman,Sad
Mac DeMarco,Nobody,Sad
Ton Snijders,North,Calm
Lundegard,North Captiva,Calm
Otto Knows,Not Alone,Happy
Smile Empty Soul,Nowhere Kids,Energetic
Seafret,Oceans,Sad
Various Artists,October Rain,Calm
Cora Zea,Old Rain on a New Day,Calm
Lennon Stella,Older Than I Am,Sad
Fleet Foxes,On Another Ocean (January / June),Sad
Robbie Rivera,On My Way (feat. Jordan Kaahn),Happy
Labi Ramaj,One More Night,Energetic
Cedric Gervais,One Night - D.O.D Remix,Energetic
Linkin Park,One Step Closer,Energetic
RY X,Only,Sad
Joshua Radin,Only You,Sad
Faelt,Open Fields,Calm
Lost Horse Mine,Open Skies,Calm
Halfway Escape,Orbits,Calm
My Chemical Romance,Our Lady of Sorrows,Energetic
Hoobastank,Out Of Control,Energetic
Lupe Fuentes,Out Of Control - Pat Vocal Mix,Energetic
Lush,Out of Control,Sad
Olivia Belli,Out of the Deep,Calm
MorMor,Outside,Sad
Sum 41,Over My Head (Better Off Dead),Energetic
The War On Drugs,Pain,Sad
LudoWic,Panoramic Feelings (Piano Version),Calm
Linkin Park,Papercut,Energetic
Anberlin,Paperthin Hymn,Energetic
Matteo Myderwyk,Parabel,Calm
Coldplay,Paradise,Happy
Finger Eleven,Paralyzer,Energetic
MorMor,Pass The Hours,Sad
Arya Shae,Path to Serenity,Calm
KAAZE,People Are Strange - Festival Mix,Energetic
Birdy,People Help the People,Sad
Cecelya,Petrichor,Calm
Ludwig van Beethoven,"Piano Sonata No. 14 In C Sharp Minor, Op. 27-2 1st Mvt: Adagio Sostenuto",Calm
Hicham Chahidi,Pierre,Calm
Kornum & Karma,Pink Rupture,Happy
Estado De Calma,Placidity,Calm
Sofiane Pamart,Planet,Calm
Sarah Davachi,Play The Ghost,Sad
Taproot,Poem,Energetic
Linkin Park,Points of Authority,Energetic
Breaking Benjamin,Polyamorous,Energetic
Sylvain Chauveau,Pour Les Oiseaux,Calm
Rise Against,Prayer Of The Refugee,Energetic
Marynka,Prelude,Calm
Max Richter,Prelude 6 - Pt. 1,Calm
Alexander Motovilov,Prelude in F,Calm
Van Stiles,Presence,Calm
Seth Hills,Pressure,Energetic
Eve 6,Promise,Energetic
Foster The People,Pumped Up Kicks,Happy
Atlas Sound,Quick Canal (W/ Laetita Sadier),Sad
Various Artists,Quiet Room,Calm
Mazzy Star,"Quiet, The Winter Harbor",Sad
Nina June,Raven's Feather - Piano Solo,Calm
Marlies du Mosch,Rayons de soleil,Calm
Chocolate Puma,Reality,Happy
Olivia Belli,Rebuscano,Calm
Shannon Lay,Recording 15,Sad
Underoath,Reinventing Your Exit,Energetic
Dries Beheydt,Remains,Calm
Bazzi,Renee's Song,Sad
Rage Against The Machine,Renegades Of Funk,Energetic
DubVision,Rescue Me,Energetic
Domaine Blanc,Retrospectacular,Calm
Yonder Dale,Revitalize,Calm
Nicky Romero,Ring The Alarm - Stadiumx Remix,Energetic
Nicky Romero,Rise (ft. Matluck) - Thomas Gold Remix,Energetic
St Woods,River,Sad
Agnes Obel,Riverside,Sad
Elton John,"Rocket Man (I Think It's Going To Be A Long, Long Time)",Happy
Ex:Re,Romance,Sad
OutKast,Roses,Happy
Billy Talent,Rusted From the Rain,Energetic
The National,Rylan,Sad
JP Saxe,Sad Corny Fuck,Sad
Marynka,Sadness,Calm
Above & Beyond,Sahara Love - Seven Lions Remix,Energetic
Hoobastank,Same Direction,Energetic
Regina Spektor,Samson,Sad
Harvest Silence,Saving Daylight,Calm
Rise Against,Savior,Energetic
The Used,Say Days Ago,Energetic
Elmau Dunkel,Schloss,Calm
Erik Frank,Secrets,Energetic
Steve Aoki,Send It,Happy
Various Artists,Send Me on My Way,Happy
The White Stripes,Seven Nation Army,Happy
AFTRHOURS,She Kind of Looks Like You,Sad
Pieter Savenberg,She Remembers (Piano Solo),Calm
Avery Young,Shifts Of Light,Calm
Fuel,Shimmer,Energetic
Manse,Shine,Happy
Sufjan Stevens,Should Have Known Better,Sad
The Clash,Should I Stay or Should I Go - Remastered,Happy
Julia Holter,Silhouette,Sad
Pieter de Graaf,Silver Lining,Calm
Passenger,Simple Song,Sad
Various Artists,Sinking Man - The Walking Dead Soundtrack,Sad
Made Of Gold,Sintra,Calm
CamelPhat,Siren Song - Radio Edit,Happy
Bon Iver,Skinny Love,Sad
Hope Sandoval and the Warm Inventions,Sleep,Sad
The Lumineers,Slow It Down,Sad
Lily Allen,Smile,Happy
Alien Ant Farm,Smooth Criminal,Energetic
Florejan,Snowfall,Calm
Joep Beving,Solitude,Calm
The Killers,Some Kind Of Love,Sad
Oliver Ingrosso,Somebody - Josef Bamba Remix Radio Edit,Happy
Gotye,Somebody That I Used To Know,Happy
City of the Sun,Someday,Calm
Adele,Someone Like You,Sad
Thomas Gold,Someone New,Happy
Valentin,Somewhere Only We Know,Sad
Hope Sandoval and the Warm Inventions,Son of a Lady,Sad
Wolf Alice,"Song to the Siren - Recorded at Strongroom Studios, London",Sad
Vicetone,South Beach,Energetic
Norman Greenbaum,Spirit In The Sky,Happy
The Rolling Stones,Start Me Up - Remastered,Happy
Gracie Abrams,Stay,Sad
Olaars & Will Philips,Stay Here,Energetic
Golden Sleep,Stay Home,Calm
Alberto L. Ferro,Stay Still,Calm
The Raconteurs,"Steady, As She Goes",Happy
Mastrovita,Still Alive,Energetic
Nina Nesbitt,Still Waiting to Start,Sad
Lost Horse Mine,Stormy Weather,Calm
Sandro Silva,Story Of A Violin,Happy
Ella van der Woude,Strange Dreams,Calm
Kensington,Streets,Happy
Disturbed,Stricken,Energetic
Various Artists,Stuck In The Middle With You,Happy
Disturbed,Stupify,Energetic
Iron & Wine,Such Great Heights,Sad
dEUS,Suds & Soda,Happy
Parazal,Suhpratti,Calm
Ella van der Woude,Summer Boredom,Calm
Cocteau Twins,Summer-Blink,Sad
MØ,Sun In Our Eyes - Don Diablo Remix,Happy
Bodywash,Sunspots,Sad
Manuela,Supermarket,Sad
Swanky Tunes,Supersonic (feat. Christian Burns),Energetic
Stevie Wonder,Superstition,Happy
Natalie Taylor,Surrender,Sad
Deftones,Swerve City,Energetic
Gareth Emery,Take Everything,Happy
a-ha,Take on Me,Happy
Silo Silo,Takeoff,Calm
The Romantics,Talking In Your Sleep,Happy
Tom Kalani,Target,Calm
Massive Attack,Teardrop - Remastered 2006,Sad
Various Artists,Teardrops - Single Version,Happy
Bullet For My Valentine,Tears Don't Fall,Energetic
Wheatus,Teenage Dirtbag,Happy
Lambert,Tegel,Calm
Song Sung,Telling Tales,Sad
My Chemical Romance,Thank You for the Venom,Energetic
Ed Sheeran,The A Team,Sad
Thin Lizzy,The Boys Are Back In Town,Happy
Still Corners,The Calvary Cross,Sad
Gustavo Santaolalla,The Choice,Calm
Ex:Re,The Dazzler,Sad
So Vea,The Disappearance of the Unmoved Mover,Calm
Sulfur Springs,The Discovery,Calm
Charles Bolt,The Dreamer,Calm
Cora Zea,The Five Times I Loved You,Calm
Various Artists,The Funeral,Sad
Alexander Wren,The Good in Goodbye (Alternate Version),Sad
The White Stripes,The Hardest Button To Button,Energetic
Sum 41,The Hell Song,Energetic
Barry Adamson,The Hummingbird,Sad
Bat For Lashes,The Hunger,Sad
Steve Miller Band,The Joker,Happy
Dimitri Vangelis & Wyman,The King (with Dzeko),Energetic
Still Corners,The Message,Sad
Song Sung,The Mind's Eye,Sad
Lord Huron,The Night We Met,Sad
Nico Casal,The Night We Met - Rework,Calm
Men Without Hats,The Safety Dance,Happy
Steven Vrancken,The Snail’s Teachings II: The Wonders of,Calm
Kate Teague,The Temporary,Sad
Alaskan Tapes,The Times Are Tired,Calm
Alok,The Wall,Energetic
Gorgon City,There For You,Energetic
Martin Thulin,Thin White Duchess,Sad
Dillon,Thirteen Thirty-Five,Sad
Remy Van Kesteren,This Reminds You - Satie Remix,Calm
Goat Girl,Throw Me a Bone,Sad
Alesso,Tilted Towers,Happy
Amoll,Time Out,Calm
AMBIE,Time Travel,Calm
Jacco Wynia,Tiptoeing,Calm
The Cinematic Orchestra,To Build A Home,Sad
BANKS,To The Hilt,Sad
Junodream,To the Moon,Sad
Annelie,Tomorrow,Calm
A Static Lullaby,Toxic,Energetic
Death Cab for Cutie,Transatlanticism,Sad
Sebastián Escofet,Trastevere,Calm
Patrick Hamilton,Trees - Solo Piano,Calm
Anson Seabra,Trying My Best,Sad
Bram de Looze,Tu Vois,Calm
Chumbawamba,Tubthumping,Happy
Annelie,Tuesday,Calm
The Beatles,Twist And Shout - Remastered 2009,Happy
Spin Doctors,Two Princes,Happy
Big Thief,UFOF,Sad
Josie Mehlin,Understudy,Calm
Gabriel & Dresden,Underwater - Tinlicker Remix,Happy
Muse,Unintended,Sad
Armin van Buuren,United,Happy
Noah Vanden Abeele,Universe,Calm
Thom Yorke,Unmade,Sad
Taking Back Sunday,Up Against (Blackout),Energetic
Muse,Uprising,Energetic
Jurrivh,Used to Be,Calm
Steve Gunn,Vagabond,Sad
Amaranth Cove,Vague,Calm
Wilson Trouvé,Valse Lente,Calm
Dimitri Vangelis & Wyman,Vamos,Energetic
Dave202,Venom,Happy
Lana Del Rey,Video Games - Remastered,Sad
The Buggles,Video Killed The Radio Star,Happy
Jamiroquai,Virtual Insanity - Remastered,Happy
Coldplay,Viva La Vida,Happy
Disturbed,Voices,Energetic
Steve Brian,Wait For Me,Happy
Alice Boman,Waiting,Sad
Martin Garrix,Waiting For Tomorrow (feat. Mike Shinoda),Energetic
John Mayer,Waiting On the World to Change,Happy
Rand Aldo,Waiting like the Storm,Calm
Kensington,War,Happy
Five Finger Death Punch,Wash It All Away,Energetic
Florejan,Watching Clouds Disappear,Calm
Star Slide,Water Colors,Calm
A Teardrop In The Lake,Water Lillies,Calm
Cranes,Watersong,Sad
Beacon,Wave of Mutilation,Sad
Simian,We Are Your Friends - Justice Vs Simian,Happy
Other Lives,We Wait,Sad
Coheed and Cambria,Welcome Home,Energetic
Radical Face,"Welcome Home, Son",Sad
The Romantics,What I Like About You,Happy
Ron Verboom,What Should Have Been,Calm
The Six Parts Seven,What You Love You Must Love Now,Calm
Fenne Lily,What's Good,Sad
Florejan Verschueren,When The World Stood Still,Calm
Threading Hair,When They Come,Calm
Rouge Haven,When You Left,Calm
Blonde Redhead,Where Your Mind Wants to Go - RONE Remix,Sad
Josh Kramer,While the Rest of the World Sleeps,Calm
Metallica,Whiskey In The Jar,Energetic
Stacy Crowne,White Lies,Energetic
The Him,White Lies - Guy Arthur Remix,Energetic
Wilson Trouvé,White Sparks,Calm
Martèn LeGrand,Whitehaven,Calm
War,Why Can't We Be Friends?,Happy
Epi-Soothe,Wild Trails,Calm
Armin van Buuren,Wild Wild Son - Club Mix,Energetic
Dust Follows,Willet,Calm
Wilson Trouvé,Winter Scenery,Calm
Kina,Wish I Was Better,Sad
Pink Floyd,Wish You Were Here - 2011 Remastered Version,Sad
Sorry,Wished,Sad
The Exies,Without,Energetic
Doeke,Wolkendans,Calm
Blasterjaxx,Wonderful Together (feat. Envy Monroe),Happy
Oasis,Wonderwall,Happy
Ghost Of Summer,Woodland Heart,Calm
Julia Holter,Words I Heard,Sad
NERVO,Worlds Collide - Edison Cole Remix,Happy
Phoebe Bridgers,Would You Rather,Sad
Sublime,Wrong Way,Energetic
No Vacation,Yam Yam,Sad
Jef Martens,You Are Safe With Me,Calm
Mordkey,You Can't Rely on My Love,Happy
New Radicals,You Get What You Give,Happy
Loyal Lobos,You Were Bored,Sad
Various Artists,"You're Gonna Go Far, Kid",Energetic
Queen,You're My Best Friend - Remastered 2011,Happy
Aaron Smith,Your Turn Now,Sad
Daughter,Youth,Sad
Eucalyptic,alpha waves,Calm
Kamal.,blue,Sad
Leo Nocta,coeur noir,Calm
Jeremy Zucker,comethru,Sad
Julian,cry on airplanes,Sad
Clinton Kane,i don't want to watch the world end with someone else,Sad
Billie Eilish,lovely (with Khalid),Sad
cloudcrush,mellow,Calm
HONNE,no song without you,Sad
Alaina Castillo,pass you by,Sad
praam,the frost,Calm
Teodor Wolgers,the theme song,Calm
Billie Eilish,when the party's over,Sad
Leo Nocta,windcatcher,Calm
Soccer Mommy,yellow is the color of her eyes,Sad
Tate McRae,you broke me first,Sad
Jeremy Zucker,you were good to me,Sad
praam,æfre,Calm
George Michael,I Want Your Sex,happy
Rob Zombie,Pussy Liquor,angry
Katatonia,12,sad
Bing Crosby,Swinging On A Star,happy
Ludacris,Get Back,angry
Hole,Violet,angry
Manic Street Preachers,Ifwhiteamericatoldthetruthforonedayit'sworldwouldfallapart,angry
Emerson Hart,If You're Gonna Leave,sad
Megadeth,Architecture of Aggression,angry
Blondie,Heart of Glass,happy
The Clientele,Impossible,relaxed
The Tallest Man on Earth,Love Is All,sad
Garbage,Silence Is Golden,angry
Van Morrison,And It Stoned Me,relaxed
The Proclaimers,I'm On My Way,happy
50 Cent,My Gun Go Off,angry
Collie Buddz,Mamacita,happy
Avenged Sevenfold,Coming Home,angry
Avril Lavigne,How Does It Feel,sad
The Streets,Never Went to Church,sad
Geto Boys,Chuckie,angry
David Sylvian,September,relaxed
Demon Hunter,The Tide Began To Rise,sad
Lily Holbrook,Better Left Unsaid,sad
Creed,Illusion,angry
Egotrippi,Matkustaja,sad
The Whitest Boy Alive,Don't Give Up,relaxed
Opeth,By the Pain I See in Others,sad
Salt The Wound,Better Than This,angry
Iron Maiden,Aces High,angry
Norah Jones,The Prettiest Thing,relaxed
Lamb,Written,relaxed
Nickleback,Rockstar,angry
Mastodon,Megalodon,angry
Natalie Walker,No One Else,relaxed
Stephen Lynch,Country Love Song,happy
Stereophonics,Bright Red Star,sad
Bad Manners,Can Can,happy
Hollywood Undead,Young,angry
Hooverphonic,The Magnificent Tree,relaxed
Working for a Nuclear Free City,Quiet Place,relaxed
Bruce Springsteen,Atlantic City,sad
Alison Moyet,Invisible,sad
Eminem,We Made You,happy
Polly Scattergood,I Hate The Way,sad
Ulrich Schnauss,Wherever You Are,relaxed
Tom Lehrer,We Will All Go Together When We Go,happy
Helena Bonham Carter & Johnny Depp,Poor Thing,sad
Megadeth,The World Needs a Hero,angry
Morrissey,Life Is A Pigsty,sad
Muse,Agitated,angry
Fourplay,Fields Of Gold,relaxed
Rascal Flatts,Summer Nights,happy
José Padilla,Adios Ayer,relaxed
Emiliana Torrini,Jungle Drums,happy
Dr. Dog,The Breeze,relaxed
Girls In Hawaii,Bees & butterflies,relaxed
Cradle of Filth,Dirge Inferno,angry
Foals,Big Big Love (Fig. 2),relaxed
Metallica,Welcome Home (Sanitarium),sad
Imogen Heap,Little Bird,relaxed
The Flying Burrito Brothers,Do You Know How It Feels,sad
Grizzly Bear,Easier,relaxed
Eric Church,Sinners Like Me,relaxed
Bachman-Turner Overdrive,Roll On Down The Highway,happy
ZZ Top,Gimme All Your Lovin',happy
System of a Down,War?,angry
Nachtmahr,Feuer Frei!,angry
Stacey Kent,Bali Ha'i,relaxed
Taylor Swift,You Belong With Me,happy
The World/Inferno Friendship Society,Only Anarchists Are Pretty,happy
Tiger Lou,Like my very own blood,sad
Slayer,Spiritual Law,angry
COLD,Stupid Girl,angry
Grand Archives,Torn Blue Foam Couch,relaxed
Ania,Turu Tu Tu...,sad
Reel Big Fish,"New York, New York",happy
Loverboy,Hot Girls In Love,happy
Judas Priest,Bullet Train,angry
The Foreshadowing,The Wandering,sad
Erik Hassle,Hurtful,sad
Good Charlotte,Girls & Boys,happy
Riverside,Before,sad
Saybia,The One For You,sad
The Jam,Bricks And Mortar,angry
Symphony X,The Divine Wings Of Tragedy,sad
Nirvana,Scentless Apprentice,angry
Deborah Harry,End Of The Run,sad
Shania Twain,Man! I Feel Like A Woman!,happy
Björn Rosenström,Mamma,happy
The Ataris,The Boys Of Summer,happy
Angie Stone,U-Haul,relaxed
The Pipettes,Dirty Mind,happy
Katie Melua,If The Lights Go Out,relaxed
Steve Goodman,My Old Man,sad
Atari Teenage Riot,Deutschland (Has Gotta Die!),angry
U2,Sunday Bloody Sunday,angry
Longing for Dawn,Lethal,sad
Metallica,Metal Militia,angry
Queen,Crazy Little Thing Called Love,happy
Talking Heads,Psycho Killer,angry
Matt Costa,Lilacs,relaxed
Reel 2 Real,I Like to Move It,happy
Diana Krall,You're My Thrill,relaxed
Kanye West,We Don't Care,happy
Rocky Votolato,Tennessee Train Tracks,relaxed
Darren Hayes,A Conversation With God,sad
Okkervil River,"So Come Back, I Am Waiting",sad
Bloodhound Gang,The Bad Touch,happy
Mudvayne,Dig,angry
Megadeth,Recipe for Hate...Warhorse,angry
Peter Sellers,Unchained Melody,happy
The Replacements,Can't Hardly Wait,sad
The Rolling Stones,Coming Down Again,sad
Móveis Coloniais de Acaju,Swing hum e meio,happy
Dream Theater,The Enemy Inside,angry
Dave Matthews Band,Old Dirt Hill (Bring That Beat Back),relaxed
Maggie Reilly,All My Heart Can Hold,sad
Xavier Rudd,Better People,relaxed
George Jones,He Stopped Loving Her Today,sad
Café Tacuba,Las Flores,happy
Jack Johnson,"They Do, They Don't",relaxed
Pearl Jam,Crazy Mary,sad
Billie Holiday,Lady Sings The Blues,sad
The Saturdays,Fall,sad
Etta James,My Dearest Darling,happy
Guided by Voices,Don't Stop Now,sad
The Adicts,Chinese Takeaway,happy
João Gilberto,Chega De Saudade,relaxed
DJ Sammy,The Boys Of Summer,happy
Stephen Lynch,For The Ladies,happy
Howard Jones,Things Can Only Get Better,happy
New Order,Crystal,happy
DMX,We in Here,angry
Jaromír Nohavica,Ještě mi scházíš,sad
Maria Taylor,Two Of Those Too (Album Version),relaxed
Atlas Sound,River Card,relaxed
Tiger Lou,The Wake/Hooray Hooray,relaxed
Donald Byrd,Think Twice,relaxed
of Montreal,Touched Something's Hollow,sad
Charlotte Church,Show A Little Faith,relaxed
Bob Dylan,One Of Us Must Know (Sooner Or Later),sad
Mickey & Sylvia,Love Is Strange,happy
Sarah Blasko,The Woman By The Well,relaxed
Lily Allen,Not Fair,happy
Sade,Cherish The Day,relaxed
Tanya Stephens,It's A Pity,happy
Black Sabbath,Sabbath Bloody Sabbath,angry
AC/DC,Flick of the Switch,angry
Violent Femmes,It's Gonna Rain,happy
Sepultura,Territory,angry
Conway Twitty,That's My Job,sad
Black Flag,Police Story,angry
Nine Inch Nails,Every Day Is Exactly The Same,sad
Daniel Lanois,Sometimes,relaxed
The Supremes,Love Is Like An Itching In My Heart,happy
Babyshambles,Killamangiro,happy
Stabbing Westward,Drowning,sad
City and Colour,Save Your Scissors,relaxed
Anthrax,Among the Living,angry
Slayer,War Zone,angry
Cassandra Wilson,If Loving You Is Wrong,relaxed
As I Lay Dying,An Ocean Between Us,angry
Avenged Sevenfold,Nightmare,angry
ElectroVamp,I Don't Like The Vibe In The VIP,happy
Alice in Chains,Sludge Factory,sad
Megadeth,Psychotron,angry
Shakira,Un Poco De Amor,happy
Nick Cave and the Bad Seeds,Oh My Lord,sad
Natalie Merchant,Just Can't Last,relaxed
The Mountain Goats,No Children,sad
Britney Spears,If U Seek Amy,happy
O-Zone,Dragostea Din Tei,happy
Ozzy Osbourne,Suicide Solution,angry
Sheb Wooley,The Purple People Eater,happy
Enzo Jannacci,Ho Visto Un Re,happy
Megadeth,Dread and the Fugitive Mind,angry
Jack Johnson,Hope,relaxed
Jane Monheit,More Than You Know,relaxed
Rage Against the Machine,How I Could Just Kill A Man,angry
Jimi Hendrix Experience,Fire,angry
Marilyn Monroe,I Wanna Be Loved By You,happy
Burial,Distant Lights,sad
Lykke Li,Sadness Is a Blessing,sad
Carrie Underwood,I Told You So,sad
Scissor Sisters,Lights,happy
Lenny Kravitz,Will You Marry Me,happy
Queensryche,The Needle Lies,angry
My Dying Bride,The Cry of Mankind,sad
Miley Cyrus,7 Things,happy
Juana Molina,Vaca que cambia de querencia,relaxed
K's Choice,If You're Not Scared,sad
Mylo,Sunworshipper,relaxed
Jamie Cullum,Singin' In The Rain,relaxed
Wire,I Am the Fly,angry
Ricky Martin,Livin' La Vida Loca,happy
Soundgarden,Limo Wreck,sad
Sopor Aeternus & The Ensemble Of Shadows,Bitter Sweet,sad
Blue Öyster Cult,Nosferatu,angry
Five Iron Frenzy,My Evil Plan To Save The World,happy
Violent Femmes,I Know It's True but I'm Sorry to Say,sad
Tenacious D,Kielbasa,happy
Saosin,Sleepers,angry
Anthrax,Potters Field,angry
Aimee Mann,Little Bombs,sad
Chevelle,The Red,angry
Jason Collett,Blue Sky,relaxed
LCD Soundsystem,All My Friends (John Cale's Version),sad
Sandy Denny,Bushes And Briars,sad
Marcy Playground,Punk Rock Superstar,happy
Emilie Simon,Le Vieil Amant,relaxed
Pink Turns Blue,Your Master Is Calling,sad
IVY,Clear My Head,relaxed
Tom Petty And The Heartbreakers,American Girl,happy
Etta James,A Sunday Kind Of Love,relaxed
Mud,Lonely This Christmas,sad
Queens Of The Stone Age,Everybody Knows That You Are Insane,angry
The Gathering,These Good People,sad
The Fratellis,Cuntry Boys & City Girls,happy
Molotov,Puto,happy
Victoria Beckham,I Wish,happy
Ours,Dizzy,sad
The Blackbyrds,Walking In Rhythm,happy
Tori Amos,Velvet Revolution,sad
Doors,Break on Through (To the Other Side),angry
Megadeth,FFF,angry
Camper Van Beethoven,Good Guys & Bad Guys,happy
Slayer,Spirit in Black,angry
theaudience,Keep In Touch,relaxed
Belle and Sebastian,Roy Walker,happy
Lamb of God,As the Palaces Burn,angry
New York Dolls,Personality Crisis,angry
Suicide Silence,Unanswered,angry
The Dodos,It's That Time Again,sad
Cream,We're Going Wrong,sad
IVY,Edge of the Ocean,relaxed
The Stooges,Your Pretty Face Is Going to Hell,angry
Eagle-Eye Cherry,Worried Eyes,relaxed
Bic Runga,It's Over,sad
Amber Pacific,Poetically Pathetic (Acoustic),sad
Goldfrapp,Lovely 2 C U,happy
"""Weird Al"" Yankovic",The Night Santa Went Crazy,happy
His Name Is Alive,Are We Still Married?,sad
Tarkan,Simarik,happy
Juanes,Nada Valgo Sin Tu Amor,happy
Lupe Fiasco,"Kick, Push",relaxed
Kaiser Chiefs,Thank You Very Much,happy
Throwing Muses,Counting Backwards,angry
Meshuggah,Future Breed Machine,angry
Young Jeezy,I Luv It,angry
Three Days Grace,Burn,angry
Public Enemy,Bring the Noise,angry
Maria Mena,Monday Morning,relaxed
Ice Cube,The Wrong Nigga to Fuck Wit,angry
Alice in Chains,Am I Inside,sad
Monkey,Sandy the River Demon,relaxed
Ray Parker Jr.,Ghostbusters,happy
Children of Bodom,Hate Me!,angry
Detonautas Roque Clube,Olhos Certos,sad
Pixies,Gigantic,happy
Katatonia,Day,sad
Destroyer,Painter in Your Pocket,relaxed
De-Phazz,Belle de Jour,relaxed
Dolores Keane,Never Be the Sun,relaxed
Method Man,Bring the Pain,angry
Lucinda Williams,Those Three Days,sad
Megadeth,Moto Psycho,angry
Delays,Touch Down,relaxed
Scissor Sisters,Laura,happy
Ida Maria,I Like You So Much Better When You're Naked,happy
Cinema Bizarre,Lovesongs (They Kill Me),sad
Lene Marlin,Leave My Mind,relaxed
Sara Gazarek,You Got By,relaxed
The Black Crowes,Walk Believer Walk,happy
Sly & The Family Stone,Thank You (Falettinme Be Mice Elf Agin),happy
British Sea Power,The Lonely,sad
Chicane,Autumn Tactics,relaxed
The Sisters Of Mercy,Under the Gun,sad
Audio Bullys,Get Myself on Track,sad
Porcupine Tree,The Sleep of No Dreaming,sad
Jill Cunniff,Lazy Girls,happy
Clannad,Newgrange,relaxed
Franz Ferdinand,Jackie Jackson,happy
Combichrist,The Corps Under My Bed,sad
Richard Marx,Should've Known Better,sad
The Cure,Want,sad
The Lonely Island,I'm on a Boat (feat. T-Pain),happy
Common,Faithful ,relaxed
The Jacksons,This Place Hotel,sad
Opeth,Dirge for November,sad
Little River Band,It's A Long Way There,relaxed
Rufus Wainwright,11.11,relaxed
Britney Spears,Break The Ice,happy
Electric Light Orchestra,Midnight Blue,relaxed
The Housemartins,We're Not Deep,happy
Haley Bonar,Blue Ridge Mountains,relaxed
Lene Marlin,Disguise,relaxed
Faithless,One Step Too Far,relaxed
Ayreon,Day One: Vigil,sad
Rainbow,Catch The Rainbow,sad
Lucinda Williams,Greenville,sad
Heather Nova,Heart And Shoulder,relaxed
Krokus,Long Stick Goes Boom,angry
Cake,"Mahna, Mahna",happy
She & Him,Sweet Darlin',happy
Rage Against the Machine,Vietnow,angry
Powerman 5000,Action,angry
The New Pornographers,All For Swinging You Around,happy
Rage Against the Machine,Sleep Now In The Fire,angry
Beatallica,And I'm Evil,happy
Korn,Chi,angry
Brooks & Dunn,Neon Moon,sad
Keri Noble,A Dream About You,relaxed
Aqua,Around The World,happy
My Morning Jacket,Evil Urges,happy
My Bloody Valentine,Nothing Much to Lose,sad
Rage Against the Machine,Wake Up,angry
System of a Down,Chop Suey!,angry
Antimatter,The Freak Show,sad
ERA,Omen Sore,relaxed
Brad Paisley,When I Get Where I'm Going,sad
Megadeth,Victory,angry
Tindersticks,The Not Knowing,sad
Queen,My Baby Does Me,happy
Tim Buckley,Morning Glory,sad
The Gathering,Black Light District,sad
The Rolling Stones,Can You Hear The Music,sad
Little River Band,Reminiscing,relaxed
Alien Sex Fiend,Dead and Buried,angry
Voxtrot,Sway,sad
Foy Vance,Homebird,relaxed
COLD,Rain Song,sad
Bananarama,Cruel Summer,happy
Nick Cave and the Bad Seeds,Still in Love,sad
Jennifer Lopez,Papi,happy
Sally Shapiro,Anorak Christmas,relaxed
Busted,Fun Fun Fun,happy
Slayer,Sex. Murder. Art.,angry
Bullet For My Valentine,4 Words (To Choke Upon),angry
José González,Lovestain,relaxed
Corinne Bailey Rae,I Would Like To Call It Beauty,relaxed
Espers,Meadow,relaxed
The Clash,London Calling,angry
Motörhead,Orgasmatron,angry
Norah Jones,Back To Manhattan,sad
Molly Johnson,If You Know Love,relaxed
The Tear Garden,Ophelia,sad
Hole,Letter To God,sad
Megadeth,Washington Is Next!,angry
Enya,Flora's Secret,relaxed
Soft Cell,Sex Dwarf,happy
Dusty Springfield,I Only Want To Be With You,happy
Enigma,Mea Culpa,relaxed
Mae,Sun (acoustic),relaxed
Louis Armstrong,I Still Get Jealous,relaxed
Jump5,Beauty And The Beast,happy
Espers,Flowery Noontide,relaxed
The Black Keys,Your Touch,happy
U2,Elvis Presley and America,sad
Dixie Chicks,Without You,sad
Scissor Sisters,Take Your Mama,happy
Noir Désir,7 Minutes,angry
Radiohead,Fitter Happier,sad
Bruce Hornsby,Fields Of Gray,relaxed
Counting Crows,St. Robinson In His Cadillac Dream,relaxed
Novembre,Verne,sad
Franz Ferdinand,Love and Destroy,happy
Vanessa Carlton,Rinse,sad
New Radicals,I Don't Wanna Die Anymore,sad
Hot Hot Heat,This Town,happy
Saliva,Back Into Your System,relaxed
Secondhand Serenade,End,sad
Robert Plant,In The Mood,relaxed
Johnossi,Man Must Dance,happy
Eric Clapton,Reptile,relaxed
Basement Jaxx,Cish Cash ,happy
Ace of Base,Don't Turn Around,happy
Nerf Herder,High School,happy
Tina Turner,Steamy Windows,happy
Sparks,Slowboat,sad
Idlewild,A Modern Way Of Letting Go,angry
Anita Baker,My Funny Valentine,relaxed
Dark Sanctuary,Des Illusions,sad
Eric Church,Lightning,sad
Enya,Less Than a Pearl,relaxed
Pink Floyd,Take Up Thy Stethoscope and Walk,angry
Tim Buckley,Dolphins,sad
The Faint,Paranoiattack,happy
Megadeth,Countdown to Extinction,angry
Tanya Donelly,Keeping You,relaxed
The Cure,The Figurehead,sad
Toni Basil,Mickey,happy
Foo Fighters,"Cheer Up, Boys (Your Make Up Is Running)",happy
Ice Cube,Ghetto Vet,angry
Slayer,Necrophiliac,angry
Secret Garden,Sleepsong,relaxed
Billy Talent,Prisoners of Today,angry
Sting,Brand New Day,happy
Slayer,Psychopathy Red,angry
Anita Baker,You Belong To Me,relaxed
Sam Sparro,Pocket,happy
Carla Bruni,Le Ciel Dans Une Chambre,relaxed
Fischerspooner,Tone Poem,relaxed
Bloodhound Gang,Foxtrot Uniform Charlie Kilo,happy
The Cure,One Hundred Years,sad
Faunts,Gone With The Day,relaxed
Kool & The Gang,Celebration,happy
White Zombie,Super-Charger Heaven,angry
Abba,Thank You For The Music,happy
Silbermond,Durch die Nacht,sad
The Cyrkle,The Visit (She Was Here),relaxed
Prince,Fury,angry
The Corrs,Baby Be Brave (album version),relaxed
Magnet,Overjoyed,relaxed
Marilyn Manson,A Place In The Dirt,sad
The Rocket Summer,Skies So Blue,happy
Pulp,The Fear,sad
Nicky Wire,Goodbye Suicide,sad
My Dying Bride,Gather Me Up Forever,sad
The Unicorns,Let's Get Known,happy
Coverdale/Page,Take Me For A Little While,sad
Caesars,It's Not The Fall That Hurts,happy
Newsboys,Something Beautiful,happy
Hard 'n Phirm,Pi,happy
Rage Against the Machine,Bulls on Parade,angry
My Dying Bride,A Doomed Lover,sad
Annie,Marie Cherie,sad
Rosenstolz,Sex im Hotel,happy
Cascada,What Do You Want From Me?,happy
Res,Let Love,relaxed
Marillion,The Invisible Man,sad
Afghan Whigs,66,happy
Susie Suh,Shell,relaxed
Dinosaur Jr.,Not the Same,sad
Shania Twain,I'm Gonna Getcha Good!,happy
Stevie Wonder,Part-Time Lover,happy
Eppu Normaali,Tahroja paperilla,sad
Metallica,Battery,angry
Juana Molina,Son,relaxed
Laura Marling,Your Only Doll (Dora),relaxed
Three Dog Night,Joy To The World,happy
JAY-Z,I Just Wanna Love U (Give It 2 Me),happy
Colder,To The Music,happy
Eagles of Death Metal,English Girl,happy
Kris Kross,Jump,happy
Mark Dinning,Teen Angel,sad
Starfucker,Girls Just Want To Have Fun,happy
"""Weird Al"" Yankovic",Christmas At Ground Zero,happy
Marius Müller-Westernhagen,Johnny W.,sad
The Acacia Strain,Demolishor,angry
Skinny Puppy,Assimilate,angry
Hope of the States,Me Ves Y Sufres,sad
Rammstein,Nebel,sad
The White Stripes,My Doorbell,happy
AC/DC,Down Payment Blues,angry
Goldfrapp,Utopia,relaxed
Dead Kennedys,Your Emotions,angry
Jim Brickman,Angel Eyes,relaxed
Sarah Blasko,For You,relaxed
Yelle,Je Veux Te Voir (Club-Club Version),happy
Adema,Rip The Heart Out Of Me,angry
The Romantics,When I Look In Your Eyes,happy
Murderdolls,Dead in Hollywood,angry
Devo,(I Can't Get No) Satisfaction,angry
Exploited,Exploited Barmy Army,angry
Midge Ure,Somebody,sad
Qntal,Remember Me,sad
Bob Dylan,Gotta Serve Somebody,relaxed
Clawfinger,Nothing Going On,angry
Blue Six,Sweeter Love,relaxed
Spiritualized,Let It Flow,relaxed
Alexisonfire,You Burn First,angry
Ice Cube,Dirty Mack,angry
Beastie Boys,Time for Livin',angry
"Loney, dear",Sinister in a State of Hope,relaxed
Kraak & Smaak,Squeeze Me,happy
Violent Femmes,Kiss Off,angry
Bernard Fanning,Shelter For My Soul,sad
Donald Fagen,Morph The Cat,relaxed
Black Flag,Depression,angry
Electric Light Orchestra,Sweet Talkin' Woman,happy
Vanity 6,Nasty Girl,happy
In Flames,Swim,happy
Tom Lehrer,I Wanna Go Back To Dixie,happy
Jack Johnson,Constellations,relaxed
Low,Bright,sad
Stephen Lynch,Baby,happy
Beatallica,Hey Dude,happy
Ministry,Palestina,angry
Marilyn Monroe,You'd Be Surprised,happy
New Model Army,"No Mirror, No Shadow",sad
The Cat Empire,Sly,happy
Monkey,The Living Sea,relaxed
Secret Garden,Sigma,relaxed
Luther Vandross,I'd Rather,relaxed
Madredeus,O Pomar Das Laranjeiras,sad
Rocco DeLuca & The Burden,Gift,sad
Pig Destroyer,Piss Angel,angry
Eric Burdon,Don't Let Me Be Misunderstood,angry
Martin Page,In The House Of Stone And Light,relaxed
LCD Soundsystem,On Repeat,happy
Fotos,Katharina,sad
Ephraim Lewis,Drowning In Your Eyes,relaxed
As I Lay Dying,Losing Sight,angry
Suzi Quatro,Devil Gate Drive,happy
Rammstein,Feuer und Wasser,sad
The Concretes,On The Radio,happy
Rage Against the Machine,Ashes In The Fall,angry
The Aquabats,Pool Party,happy
Barry White,"Honey Please, Can't Ya See",happy
Megadeth,Use the Man,angry
Mystery Jets,Half In Love With Elizabeth,happy
Hole,Gutless,angry
Atlantic Starr,Silver Shadow,relaxed
Rare Earth,I Just Want To Celebrate,happy
Jon & Vangelis,He Is Sailing,relaxed
Blonde Redhead,For the Damaged,angry
Anthrax,This Is Not an Exit,angry
Iron & Wine,Peace Beneath the City,relaxed
The Black Heart Procession,The Invitation,sad
Nas,Ether,angry
Rage Against the Machine,Sleep Now in the Fire,angry
Stacey Kent,The Ice Hotel,relaxed
Devo,That's Good,happy
Lenny Kravitz,Can We Find A Reason?,sad
Ghostface Killah,Mighty Healthy,angry
Radiohead,We Suck Young Blood,sad
Joe Nichols,Tequila Makes Her Clothes Fall Off,happy
Natalie Merchant,Thick As Thieves (2005 Version),sad
Beach House,House on the Hill,relaxed
Bloodhound Gang,You're Pretty When I'm Drunk,happy
Apocalyptica,Bittersweet,sad
Robin Williams,Friend Like Me,happy
Roxy Music,Just Another High,sad
XTC,Senses Working Overtime,angry
Cathedral,Ebony Tears,sad
J. Tillman,"Cecille, My Love",relaxed
Jagged Edge,Round And Round,relaxed
Jimmy Eat World,Dizzy,sad
Nightwish,Angels Fall First,sad
Propaganda,Wound In My Heart,relaxed
Suburban Kids With Biblical Names,Seems To Be on My Mind,happy
Celtic Woman,The Wexford Carol,relaxed
Beatallica,Everybody's Got A Ticket To Ride Except For Me And My Lightning,happy
Sade,Babyfather,relaxed
Harvey Danger,Flagpole Sitta,happy
The Avett Brothers,If It's The Beaches,sad
Julie Doiron,Penses-Donc (Tu Es Seule),sad
The Get Up Kids,The Company Dime,happy
Ice Cube,The Predator,angry
In Flames,Evil in a Closet,sad
Vanessa Carlton,More Than This,relaxed
Riverside,I Turned You Down,sad
Kathy Mattea,Where've You Been,sad
Enya,Water Shows the Hidden Heart,relaxed
Hem,Sailor,relaxed
The Doobie Brothers,It Keeps You Runnin',relaxed
Dope,Everything Sucks,angry
Marilyn Manson,Irresponsible Hate Anthem,angry
The Puppini Sisters,Soho Nights,happy
Sparta,Echodyne Harmonic,relaxed
The Champs,Tequila,happy
Motorhead,Ace of Spades,angry
Cowboy Junkies,Lay It Down,relaxed
Black Buddafly,Bad Girl ,happy
Level 42,Something About You,happy
Kinks,You Really Got Me,angry
Britney Spears,Oops!...I Did It Again,happy
The Cure,The Promise,angry
Diary of Dreams,Tears of Laughter,sad
Kate Havnevik,Not Fair,relaxed
Gwen Stefani,Hollaback Girl,happy
Manic Street Preachers,The Everlasting,sad
Peaches,Downtown,happy
The Polyphonic Spree,Middle of the Day,sad
London After Midnight,Sacrifice,sad
Stevie Wonder,A Place In The Sun,relaxed
The Cat Empire,The Wine Song,happy
Donavon Frankenreiter,Butterfly,relaxed
Tom Petty And The Heartbreakers,The Dark Of the Sun,relaxed
Ozzy Osbourne,War Pigs,angry
Beach House,Childhood,relaxed
Switchfoot,The Shadow Proves The Sunshine,relaxed
Ben Folds Five,Cigarette,sad
The Sex Pistols,I Wanna Be Me,angry
Chubby Checker,The Twist,happy
Incognito,Everybody Loves The Sunshine,relaxed
Peaches,Shake Yer Dix,happy
Stars,What the Snowman Learned About Love,relaxed
The Anti-Nowhere League,So What,angry
Peaches,Suck and Let Go,happy
Velvet Revolver,Illegal i Song,angry
Jibbs,Chain Hang Low,happy
Britney Spears,I Run Away,sad
Grand Archives,Swan Matches,relaxed
Björk,Pluto,angry
Brain Drill,Revelation,angry
Anthony Hamilton,I Tried,relaxed
Grace Jones,Pull Up To The Bumper,happy
Gwen Stefani,Wind It Up,happy
Tyler Hilton,Insomnia (Revised Album Version),relaxed
Reel Big Fish,Ban The Tube Top,happy
Teitur,Rough Around The Edges,relaxed
Gorillaz,Demon Days,relaxed
Enya,China Roses,relaxed
Pantera,Cemetery Gates,angry
Riverside,Loose Heart,sad
Jazzanova,Look What You're Doin' To Me ,relaxed
Supergrass,Brecon Beacons,happy
Opeth,Bleak,sad
Opeth,White Cluster,sad
Manic Street Preachers,Of Walking Abortion,angry
Shop Boyz,Flexin',happy
Guns N' Roses,Sweet Child O' Mine,happy
Black Flag,Gimmie Gimmie Gimmie,angry
Timo Maas,Pictures,happy
Nine Inch Nails,Zero-Sum,sad
Astrud Gilberto,The Girl From Ipanema,relaxed
Franz Ferdinand,What You Waiting For?,happy
Ke$ha,Kiss N Tell,happy
Fishbone,Lyin' Ass Bitch,happy
Touch and Go,Would You...?,happy
Britney Spears,Anticipating,happy
Rage Against the Machine,Killing In The Name,angry
Cult of Luna,Waiting For You,sad
Tyrone Wells,Sea Breeze,relaxed
Megadeth,Captive Honour,angry
Thievery Corporation,Heaven's Gonna Burn Your Eyes,relaxed
The-Dream,Right Side Of My Brain,sad
Tindersticks,Walking,sad
The Dillinger Escape Plan,Milk Lizard,angry
Howlin' Wolf,Smokestack Lightning,angry
Vanessa Hudgens,Sneakernight,happy
The Rolling Stones,Tie You Up (The Pain of Love),angry
Tim Buckley,The Earth is Broken,sad
The Hoosiers,Cops and Robbers,happy
Jane Monheit,Detour Ahead,relaxed
Erykah Badu,Window Seat,relaxed
Mobb Deep,Survival of the Fittest,angry
Röyksopp,Dead to the World,relaxed
Limp Bizkit,Getcha Groove On,angry
Ashley Tisdale,He Said She Said,happy
Dolly Parton,9 To 5,happy
Ministry,Just One Fix,angry
Shirley Horn,A Time For Love,relaxed
Rihanna,Breakin' Dishes,angry
Toy-Box,The Sailor Song,happy
Enya,Wild Child,relaxed
Megadeth,Blood of Heroes,angry
Eminem,Mosh,angry
Kate Nash,Pumpkin Soup,happy
Nine Inch Nails,My Violent Heart,angry
Spahn Ranch,The Conversation,sad
Common,Faithful,relaxed
D'Angelo,Jonz In My Bonz,relaxed
The Coral,She's Got A Reason,relaxed
Pete Philly & Perquisite,Mystery Repeats,happy
Andrew Bird,Masterfade,relaxed
Lamb of God,Redneck,angry
The Haunted,99,angry
Burzum,Dunkelheit,sad
A Silver Mt. Zion,Microphones in the Trees,sad
Gossip,Eyes Open,angry
Emigrate,In My Tears,sad
Dead Boys,Sonic Reducer,angry
Anthony David,Something About You,relaxed
Lisa Loeb,Wishing Heart,happy
Elliott Smith,Bottle Up And Explode!,relaxed
Neurosis,The Tide,sad
Fatboy Slim,Wonderful Night,happy
Justin Timberlake,Like I Love You,happy
Amel Larrieux,Weather,relaxed
Black Kids,Listen To Your Body Tonight,happy
Love Is All,Make Out Fall Out Make Up,sad
The Byrds,Hickory Wind,sad
Megadeth,Elysian Fields,angry
Slayer,Praise of Death,angry
Snow Patrol,Crazy In Love,happy
R. Kelly & Public Announcement,She's Got That Vibe,happy
The Beatles,Run for Your Life,angry
Cat Stevens,Lilywhite,relaxed
Anthrax,Bring the Noise,angry
Britney Spears,Ooh Ooh Baby,happy
Slayer,Piece by Piece,angry
Village People,In the Navy,happy
Deep Dish,Flashdance,happy
Britney Spears,Brave New Girl,happy
Janis Joplin,Summertime,sad
Blue Man Group,Time to Start,happy
Amon Amarth,Ride For Vengeance,angry
Tindersticks,Piano Song,sad
Marilyn Manson,Great Big White World,sad
Arcade Fire,Black Mirror,sad
The Prodigy,Voodoo People,angry
Frida,Baby Don't You Cry No More,relaxed
Kate Nash,Mariella,happy
Fleet Foxes,Blue Ridge Mountains,relaxed
The Honeydrips,(Lack of) Love Will Tear Us Apart,relaxed
Kristin Hersh,Gazebo Tree,sad
Jill Tracy,Haunted By the Thought of You,sad
S Club 7,Bring It All Back,happy
Kanye West,Coldest Winter,sad
The Chemical Brothers,Left Right,angry
Antimatter,Ghosts,sad
Dixie Chicks,Voice Inside My Head,sad
Metallica,"Broken, Beat & Scarred",angry
Carbon Based Lifeforms,PhotoSynthesis,relaxed
XTC,This Is Pop?,angry
PJ Harvey,The Darker Days Of Me & Him,sad
Keren Ann,In Your Back,relaxed
Nine Days,Bitter,sad
Art Brut,Modern Art,happy
Laura Marling,Shine,sad
Smokie,Living Next Door To Alice ,relaxed
Mastodon,Blood and Thunder,angry
Rasputina,Watch T.V.,sad
Eminem,My Name Is,happy
Hanne Hukkelberg,Cast Anchor,relaxed
Dolly Parton,Here You Come Again,happy
Pinback,Some Voices,relaxed
2Pac,Me Against the World,angry
Chris Botti,The Look Of Love,relaxed
Mortal Love,In the Sun,sad
Dead Kennedys,Holiday in Cambodia,angry
Acceptance,In Too Far,relaxed
Sun Kil Moon,Neverending Math Equation,relaxed
Nine Inch Nails,I Do Not Want This,angry
Daft Punk,Technologic,happy
Martina McBride,Valentine,relaxed
The Airborne Toxic Event,Something New,sad
Sleeper,Lie Detector,happy
Enya,Deora Ar Mo Chroí,relaxed
Massive Attack,Daydreaming,relaxed
Silverchair,Lie To Me,angry
No Doubt,Spiderwebs,happy
Guns N Roses,Mr. Brownstone,angry
The Five Blobs,The Blob,happy
Manic Street Preachers,4st 7lb,angry
Saybia,Guardian Angel,sad
Mastodon,Crystal Skull,angry
Mudvayne,IMN,angry
Koop,Waltz for Koop,relaxed
Enigma,Total Eclipse of the Moon,relaxed
A Tribe Called Quest,1nce Again,relaxed
Stevie Wonder,Ribbon In The Sky,relaxed
Sick Puppies,You're Going Down,angry
The Fratellis,Vince The Loveable Stoner,happy
Flowing Tears,Lovesong For A Dead Child,sad
Death From Above 1979,Pull Out,happy
Jimmy Eat World,Claire,relaxed
Buster Poindexter,Hot Hot Hot,happy
Arcana,Like Statues In The Garden Of Dreaming,sad
Keb' Mo',Just Like You,relaxed
Susanna and the Magical Orchestra,Time,relaxed
Joan Baez,The Night They Drove Old Dixie Down,sad
Melanie C,Carolyna,sad
Madredeus,O Sonho,relaxed
The Black Dahlia Murder,Miasma,angry
Sting,Children's Crusade,sad
James Taylor,That Lonesome Road,sad
50 Cent,U Not Like Me,angry
The Kingsmen,Louie Louie,happy
Cypress Hill,Stoned Is the Way of the Walk,angry
India.Arie,God Is Real,relaxed
Ice Cube,The Nigga Ya Love to Hate,angry
Frankie Valli,Grease,happy
Huey Lewis & The News,I Want a New Drug,happy
Grant Lee Buffalo,Rock of Ages,sad
Kelis,Caught Out There,angry
Scissor Sisters,She's My Man,happy
The Innocence Mission,Lake Shore Drive,relaxed
Matt Wertz,Like The Last Time,relaxed
Ella Fitzgerald,Solitude ,relaxed
Ben Kweller,Thirteen,sad
Ozzy Osbourne,Running Out of Time,angry
Tindersticks,Travelling Light,sad
Blonde Redhead,Girl Boy,relaxed
The Clash,London's Burning,angry
Mark Kozelek,Bad Boy Boogie,sad
Norah Jones,The Long Day Is Over,relaxed
The Rubettes,Sugar Baby Love,happy
Vienna Teng,Green Island Serenade,relaxed
Keren Ann,Ailleurs,relaxed
Gotan Project,Queremos paz,relaxed
The Organ,There Is Nothing I Can Do,sad
Cocteau Twins,Wolf in the Breast,relaxed
A Perfect Circle,People Are People,relaxed
Behemoth,At the Left Hand Ov God,angry
Ke$ha,Blah Blah Blah ,happy
Beastie Boys,The Sounds Of Science,happy
Essie Jain,Glory,relaxed
Beyoncé,Baby Boy,happy
Karen Matheson,Mi Le M' Uilinn,relaxed
Fountains Of Wayne,Stacy's Mom,happy
Céline Dion,Declaration Of Love,happy
Public Enemy,Welcome to the Terrordome,angry
Ice Cube,No Vaseline,angry
Lily Holbrook,Welcome to the Slaughterhouse,sad
Silverchair,Miss You Love,sad
Megadeth,Vortex,angry
Ours,Sometimes,sad
Relient K,The Pirates Who Don't Do Anything,happy
Daughtry,Call Your Name,sad
John Mayer,New Deep,relaxed
Moonspell,Awake,sad
Local Natives,Who Knows Who Cares,sad
Metallica,Damage Inc.,angry
Switchfoot,Let Your Love Be Strong,sad
Depeche Mode,Sister Of Night,sad
Machine Head,Take my Scars,angry
Jazzanova,Look What You're Doin' To Me,relaxed
Wir sind Helden,Darf Ich Das Behalten,sad
At The Drive-In,Alpha Centauri,angry
Korn,Thoughtless,angry
Dave Matthews Band,Satellite,relaxed
Celtic Woman,Over The Rainbow,relaxed
Marty Robbins,El Paso,relaxed
Rihanna,Stupid In Love,sad
Amber Pacific,If I Fall,sad
Sally Shapiro,Time To Let Go,sad
Slayer,Supremist,angry
Machine Head,"The Blood, the Sweat, the Tears",angry
Ida Maria,Louie,happy
Shout Out Louds,Never Ever,happy
The Rocket Summer,Hold It Up,happy
Sting,Little Wing,relaxed
The Coral,Shadows Fall,happy
Amos Lee,"Keep It Loose, Keep It Tight",relaxed
Paradise Lost,Say Just Words,sad
System of a Down,Soldier Side,angry
India.Arie,These Eyes,relaxed
The Mountain Goats,So Desperate,sad
Ozma,Continental Drift (Flight Of The Bootymademoiselle),sad
Edison Lighthouse,Love Grows (Where My Rosemary Goes),happy
Rage Against the Machine,Voice of the Voiceless,angry
Anthrax,Indians,angry
Thousand Foot Krutch,Favorite Disease,sad
Everything But The Girl,Meet Me in the Morning,relaxed
Marilyn Manson,Little Horn,angry
Razorlight,Get It And Go,happy
Shakira,Rabiosa,happy
Goldfish,Times May Change You,relaxed
Kraftwerk,Autobahn,relaxed
Mastodon,Siberian Divide,angry
Lene Marlin,Unforgivable Sinner,sad
Wolfmother,Vagabond,happy
Velvet Underground,White Light/White Heat,angry
Thea Gilmore,Whistle And Steam,relaxed
DIR EN GREY,CONCEIVED SORROW,sad
John Lennon,I Found Out,angry
The Dresden Dolls,Girl Anachronism,angry
Scars of life,Bullet with your name,angry
Slayer,Altar of Sacrifice,angry
Nine Inch Nails,Gave Up,angry
AC/DC,Evil Walks,angry
Stevie Wonder,Love Light In Flight,happy
Rage Against the Machine,Revolver,angry
Ron Sexsmith,Snow Angel,relaxed
Slayer,Fight Till Death,angry
Soft Cell,Youth,sad
The Pierces,Boy in a Rock and Roll Band,happy
Bruce Springsteen,War,angry
Bloodhound Gang,Kiss Me Where It Smells Funny,happy
The Intruders,Together,relaxed
Cut Chemist,Spoon,relaxed
Girls Aloud,Jump,happy
Diana Krall,Little Girl Blue,relaxed
Jefferson Starship,Miracles,relaxed
Mad Caddies,Rockupation,happy
Mariah Carey,Melt Away,relaxed
Wu-Tang Clan,Da Mystery of Chessboxin',angry
Papa Roach,Last Resort,angry
Guillemots,Falling Out Of Reach,relaxed
Justin Timberlake,LoveStoned/I Think She Knows Interlude,happy
Psapp,Needle and Thread,relaxed
Cradle of Filth,Lovesick for Mina,angry
Lily Allen,Friday Night,happy
Sandi Thom,What If I'm Right,happy
Sneaker Pimps,How Do,relaxed
Jimmy Eat World,Pain,angry
Ice Cube,Wicked,angry
Delta Goodrem,Fragile,sad
Captain Hollywood Project,More and More,happy
From First To Last,The Latest Plague,angry
Primordial,Gods To The Godless,sad
Rage Against the Machine,Mic Check,angry
Flyleaf,Red Sam,angry
Rage Against The Machine,Killing in the Name,angry
N-Trance,Set You Free,happy
Mazzy Star,Before I Sleep,relaxed
Man Man,Feathers,sad
The Mamas & The Papas,Words Of Love,relaxed
Redman,Blow Your Mind,angry
Scott Walker,If You Go Away,sad
Anberlin,Hello Alone,angry
U2,A Man And A Woman,happy
Great Big Sea,Captain Wedderburn,relaxed
The Blues Brothers,Rubber Biscuit,happy
The Pipettes,Tell Me What You Want,happy
The Rolling Stones,Citadel,angry
Ween,Monique the Freak,happy
Adverts,Gary Gilmore's Eyes,angry
Frank Sinatra,Nancy (With The Laughing Face),relaxed
Bebel Gilberto,So Nice (Summer Samba),relaxed
New London Fire,Nadine,sad
Annie,Anniemal,happy
Animal Collective,Loch Raven,relaxed
Bright Eyes,Classic Cars,relaxed
Lizz Wright,Hey Mann,relaxed
Fiona Apple,Limp,angry
The Jackson 5,ABC,happy
Todd Rundgren,One More Day (No Word),relaxed
Rage Against the Machine,Wind Below,angry
Al Green,Let's Get Married,relaxed
Jimmy Durante,I'M The Guy Who Found The Lost Chord,happy
Yael Naïm,Too Long,relaxed
Chairlift,Ceiling Wax,relaxed
India.Arie,Nature,relaxed
James Blunt,High (live in Ireland),relaxed
Lucinda Williams,Broken Butterflies,sad
Skip James,Hard Time Killin' Floor Blues,sad
My Dying Bride,My Wine in Silence,sad
Acid Bath,Toubabo Koomi,angry
Infernal,I Won't Be Crying,happy
Camera Obscura,Your Picture,sad
Florence + The Machine,Blinding,sad
Aberfeldy,Love Is an Arrow,sad
Antony and the Johnsons,The Lake,sad
Estatic Fear,Chapter I,sad
Joni Mitchell,The Last Time I Saw Richard,sad
The Presets,This Boy's In Love,happy
Gary Numan,Rip,sad
Nevermore,Enemies Of Reality,angry
Cake,Pretty Pink Ribbon,happy
Chevelle,Don't Fake This,angry
Lamb of God,Bloodletting,angry
Megadeth,Good Mourning/Black Friday,angry
Less Than Jake,History Of A Boring Town,happy
Sebadoh,Soul and Fire,sad
Opeth,Moonlapse Vertigo,sad
Linkin Park,Runaway,angry
Nile,Sacrifice Unto Sebek,angry
of Montreal,The Party's Crashing Us,happy
Jane Monheit,Over The Rainbow,relaxed
Donald Fagen,The Great Pagoda Of Funn,relaxed
Jens Lekman,Friday Night at the Drive-In Bingo,happy
Fannypack,Not This,relaxed
Mýa,Now or Never,happy
Atlantic Starr,If Your Heart Isn't In It,relaxed
Cassandra Wilson,Closer To You,relaxed
Azam Ali,In Other Worlds,sad
Misfits,Halloween,angry
Clannad,A Bridge (That Carries Us Over),relaxed
Squarepusher,A Real Woman,happy
Mr. Hyde,Spill Your Blood,angry
M83,Carresses,relaxed
Arctic Monkeys,Fake Tales of San Francisco,happy
Less Than Jake,Just Like Frank,happy
Megadeth,Sin,angry
L'Arc~en~Ciel,ALONE EN LA VIDA,sad
The Velvet Underground,Heroin,sad
Relient K,Must Have Done Something Right,happy
Primordial,The Coffin Ships,sad
Air,Sing Sang Sung,relaxed
Moya Brennan,River,relaxed
Kane,Where Do I Go Now,sad
The Unicorns,Sea Ghost,happy
Corinne Bailey Rae,Butterfly,relaxed
Corinne Bailey Rae,Another Rainy Day,relaxed
Spice Girls,Love Thing,happy
Nina Simone,My Man's Gone Now,sad
Rammstein,Benzin,angry
Maggie Reilly,Reunion,relaxed
Nas,One Mic,angry
Róisín Murphy,Primitive,happy
Franz Ferdinand,Michael,happy
Chubby Checker,Limbo Rock,happy
Undertones,Get Over You,angry
ERA,Cathar Rhythm,relaxed
Limp Bizkit,The Propaganda,angry
Yoko Ono,Kiss Kiss Kiss,happy
Fractured,One More Time,sad
The Cure,Out of Mind,angry
BrokeNCYDE,Sex Toyz,happy
Kaskade,Your Love Is Black,sad
The Helio Sequence,Back to This,relaxed
Michael Jackson,Bad,happy
Pescado Rabioso,Dulce 3 Nocturno,relaxed
Lifehouse,The Beginning,relaxed
The Chameleons,Monkeyland,sad
Black Flag,Nervous Breakdown,angry
Bauhaus,Slice Of Life,sad
Johnny Cash,Sunday Morning Coming Down,sad
Bowling For Soup,Almost,happy
Alien Ant Farm,Glow,happy
Lou Reed,The Kids,sad
Halou,Political,relaxed
Evan Rachel Wood,Hold Me Tight,happy
Great Lake Swimmers,I Will Never See the Sun,relaxed
Gorillaz,Superfast Jellyfish,happy
Nine Inch Nails,Heresy,angry
Enigma,The Cross of Changes,relaxed
At The Drive In,Quarantined,angry
The Unicorns,Jellybones,happy
Guns N' Roses,This I Love,sad
Venetian Snares,Dad,sad
Bright Eyes,"Oh, You Are the Roots That Sleep Beneath My Feet and Hold the Earth in Place",relaxed
Devendra Banhart,Noah,relaxed
Nevermore,All Play Dead,angry
Big Star,Holocaust,sad
Rihanna,Let Me,happy
Ozzy Osbourne,No Easy Way Out,angry
Richard Ashcroft,On A Beach,relaxed
"""Weird Al"" Yankovic",Eat It,happy
Suicidal Tendencies,Institutionalized,angry
Acoustic Alchemy,Say Yeah,relaxed
Beck,Rental Car,happy
Cradle of Filth,Tonight in Flames,angry
Manic Street Preachers,I'm Not Working,sad
Bonnie Somerville,Winding Road,relaxed
DIR EN GREY,VINUSHKA,angry
Gary Numan,In A Dark Place,sad
Mariee Sioux,Wild Eyes,relaxed
K's Choice,Another Year,sad
Maximilian Hecker,Kate Moss,sad
White Town,Your Woman,happy
Dntel,(This Is) The Dream of Evan and Chan,relaxed
Manchester Orchestra,Shake It Out,angry
Jay-Z,Success,angry
Wilco,What Light,relaxed
Squeeze,Hourglass,happy
Nine Inch Nails,March Of The Pigs,angry
Refused,The Deadly Rhythm,angry
Slayer,Can't Stand You,angry
Sing It Loud,No One Can Touch Us (Featuring Alex Gaskarth),happy
Bauhaus,The Three Shadows Part II,sad
Blink-182,Man Overboard,happy
Alan Jackson,Here In The Real World,sad
George Michael,Freeek! '04,happy
Jennifer Lopez,I'm Real,happy
Venom,Black Metal,angry
Shpongle,Once Upon the Sea of Blissful Awareness,relaxed
Elbow,little beast,sad
Soulfly,Back to the Primitive,angry
AFI,Silver And Cold,sad
Emma Shapplin,Favola Breve,relaxed
Ben Folds,Rockin' The Suburbs,happy
Rage Against the Machine,Settle for Nothing,angry
Megadeth,The Killing Road,angry
The Helio Sequence,Back To This,relaxed
The Fall,War,angry
The Beatles,Twist and Shout,happy
Siobhan Donaghy,So You Say,sad
The Tokens,The Lion Sleeps Tonight,happy
The Beatles,Octopus's Garden,happy
Adele,Melt My Heart To Stone,relaxed
Marvin Gaye,What's Happening Brother,relaxed
Martina McBride,Wrong Again,sad
Slayer,Beauty Through Order,angry
Mortiis,Everyone Leaves,sad
Neko Case,The Tigers Have Spoken,sad
Monkey,Pigsy In Space,relaxed
L7,Shitlist,angry
Bruce Springsteen,Hungry Heart,happy
Burzum,En ring til å herske,sad
Deathstars,Synthetic generation,sad
Nerf Herder,Jenna Bush Army,happy
Falco,Vienna Calling,happy
Atmosphere,The Keys to Life vs. 15 Minutes of Fame,angry
Germs,Forming,angry
The Ditty Bops,Waking Up In the City,happy
Stephen Lynch,Gay,happy
Katatonia,Criminals,sad
Bruce Springsteen,State Trooper,sad
Holly Brook,Saturdays,relaxed
Bright Eyes,A Perfect Sonnet,sad
Inner Circle,Sweat ,happy
Lucie Silvas,Nothing Else Matters,sad
Republika,Odchodząc,sad
Ella Fitzgerald,Remember,relaxed
The Stooges,Search and Destroy,angry
Boards of Canada,Aquarius,relaxed
Metallica,Phantom Lord,angry
Doug Stone,I'd Be Better Off (In A Pine Box),sad
Flobots,Handlebars,angry
Hatebreed,I Will Be Heard,angry
Samuel E. Wright,Under The Sea,happy
Susanna and the Magical Orchestra,Jolene,relaxed
Lard,The Power of Lard,angry
I Like Trains,Terra Nova,sad
They Might Be Giants,Birdhouse In Your Soul,happy
Wu-Tang Clan,Wu-Tang Clan Ain’t Nuthing ta Fuck Wit,angry
Friendly Fires,Lovesick,happy
Burzum,Jesus' Tod,angry
Rage Against the Machine,Know Your Enemy,angry
Tunng,Man in the box,relaxed
Oceansize,Savant,sad
Machine Head,American High,angry
Otep,T.R.I.C.,angry
Pat Monahan,Her Eyes,happy
Hayley Westenra,Let Me Lie,relaxed
Wesley Willis,I Wupped Batman's Ass,happy
Marilyn Manson,Burning Flag,angry
Kings Of Convenience,Know-How,relaxed
Enya,Oíche Chiúin (Silent Night),relaxed
Bruce Springsteen,Pay Me My Money Down,happy
Jessica Simpson,Sweetest Sin,happy
The Dillinger Escape Plan,We Are the Storm,angry
Bikini Kill,Suck My Left One,angry
Lunatica,Out!,angry
Japan,Obscure Alternatives,sad
Sophie Milman,Back Home To Me,relaxed
Selig,Ohne dich,sad
Eighteen Visions,The Sweetest Memory,sad
Queen,Mother Love,sad
Seether,Fake It,angry
Tenacious D,Car Chase City,happy
Thievery Corporation,Amerimacka ,relaxed
Remi Nicole,Dates From Hell,happy
Richard Thompson,Sibella,sad
At The Drive-In,Proxima Centauri,angry
Nick Cave and the Bad Seeds,Where Do We Go Now But Nowhere,sad
Sham 69,If The Kids Are United,angry
Lit,Miserable,sad
Azam Ali,From Heaven to Dust,relaxed
Arab Strap,New Birds,sad
Survivor,Eye of the Tiger,angry
Nirvana,Tourette's,angry
Rage Against the Machine,Bombtrack,angry
Jack Johnson,Fortunate Fool,relaxed
Nick Cave and the Bad Seeds,Far From Me,sad
Kim Carnes,Bette Davis Eyes (Acoustic Version),relaxed
The Innocence Mission,Small Planes,sad
Frank Sinatra,Don't Worry 'Bout Me,relaxed
The Pussycat Dolls,Buttons,happy
Jay Brannan,Half-Boyfriend,sad
The Dillinger Escape Plan,The Mullet Burden,angry
Atari Teenage Riot,Revolution Action,angry
Jonathan Coulton,Ikea,happy
"Lipps, Inc.",Funkytown,happy
Nick Cave and the Bad Seeds,Hallelujah,sad
Nevermore,I Am The Dog,angry
The Eames Era,Could Be Anything,happy
Baccara,"Yes Sir, I Can Boogie",happy
Trading Yesterday,One Day,relaxed
Judas Priest,Breaking the Law,angry
Godsmack,Straight Out of Line,angry
Stevie Wonder,Ngiculela-Es Una Historia-I Am Singing,relaxed
Matt Wertz,Lonely Tonight,relaxed
Oasis,I'm Outta Time,sad
Silverchair,Trash,angry
Ice-T,O.G. Original Gangster,angry
Yanni,Nostalgia,relaxed
D'Angelo,Africa,relaxed
Boz Scaggs,Jojo,relaxed
Mark Lanegan,Kingdoms Of Rain,sad
Jason Mraz,Unfold (Eagles Ballroom Live Version),relaxed
Dark Sanctuary,La chute de l'ange,sad
Bullet For My Valentine,Scream Aim Fire,angry
Lonnie Donegan,My Old Man's A Dustman,happy
The Decemberists,The Hazards of Love 4 (The Drowned),sad
The Replacements,All Shook Down,relaxed
Balligomingo,Escape,relaxed
Alela Diane,The Rifle,relaxed
Sade,Hang On To Your Love,relaxed
Duran Duran,Hungry Like The Wolf,happy
Morrissey,Let Me Kiss You,sad
Art Brut,My Little Brother,happy
Village People,Macho Man,happy
Ella Fitzgerald,Let Yourself Go,relaxed
The Byrds,Wasn't Born To Follow,happy
ElectroVamp,Drinks Taste Better When They're Free,happy
Theatre of Tragedy,Bacchante,sad
The Puppini Sisters,We Have All The Time In The World,happy
The Emotions,Flowers,relaxed
Darren Hayes,Unlovable,sad
Busted,Year 3000,happy
Magnolia Electric Co.,Hard to Love a Man,sad
Nine Inch Nails,Wish,angry
Converge,Drop Out,angry
Yardbirds,I'm a Man,angry
Teddy Geiger,Gentlemen,relaxed
Emery,Fractions,sad
DMX,Ruff Ryders' Anthem,angry
Celtic Woman,The Prayer,relaxed
Ramones,Do You Remember Rock 'N' Roll Radio?,happy
The Cure,Us Or Them,angry
Guns N Roses,Paradise City,angry
Alejandro Sanz,No es lo mismo,happy
System of a Down,Prison Song,angry
Ozzy Osbourne,Gets Me Through,angry
Lene Marlin,When You Were Around,relaxed
Joshua Radin,"No Envy, No Fear",relaxed
Los Pericos,Pupilas Lejanas,relaxed
Strokes,Hard to Explain,angry
Deerhoof,"O'Malley, Former Underdog",happy
Powderfinger,My Kind Of Scene,relaxed
Vio-Lence,Serial Killer,angry
Kenny Chesney,She Thinks My Tractor's Sexy,happy
Silverchair,Spawn Again,angry
Sepultura,Dead Embryonic Cells,angry
Steely Dan,Only A Fool Would Say That,relaxed
IVY,I Think Of You,relaxed
Black Sabbath,Lonely Is The Word,sad
The Rakes,We Are All Animals,happy
Nice & Smooth,Sometimes I Rhyme Slow,relaxed
Korn,Dead Bodies Everywhere,angry
Patty Griffin,Heavenly Day,relaxed
U2,MLK,sad
Peter Tosh,Legalize It,relaxed
Serge Gainsbourg,Comic Strip,happy
Isis,So Did We,sad
Godsmack,Cryin' Like a Bitch,angry
Edyta Górniak,Soul Boy,relaxed
Nicki French,Total Eclipse Of The Heart,happy
Ben Folds Five,For Those Of Ya'll Who Wear Fannie Packs,happy
The Wiseguys,Ooh La La,happy
Nerf Herder,Welcome To My World,happy
Saosin,It's So Simple,angry
Lisa Stansfield,Soul Deep,relaxed
Ricky Martin,She Bangs,happy
Suicide,Frankie Teardrop,angry
The Contours,Do You Love Me,happy
Nightmares On Wax,Flip Ya Lid,relaxed
Nine Inch Nails,Burn,angry
Ziggy Marley,Melancholy Mood,relaxed
Lil' Kim,Magic Stick ,happy
Enya,A Moment Lost,relaxed
Firefall,Strange Way,relaxed
Bob Rivers,Who Put the Stump?,happy
Rage Against the Machine,Maggie's Farm,angry
Take 6,More Than Ever,relaxed
Nappy Roots,Good Day,happy
Abra Moore,On the Way,relaxed
Diamond Head,Am I Evil?,angry
Ella Fitzgerald,In A Mellow Tone,relaxed
Rage Against the Machine,Without a Face,angry
Celtic Woman,Away In A Manger,relaxed
Tristania,Deadlands,sad
Cavalera Conspiracy,Hearts of Darkness,angry
Foo Fighters,Wattershed,angry
Godsmack,I Fucking Hate You,angry
Joni Mitchell,Shine,relaxed
Simply Red,Ev'ry Time We Say Goodbye,sad
The Cure,Three Imaginary Boys,sad
Judas Priest,Angel,sad
Jill Scott,Show Me,relaxed
Zeromancer,Doctor Online,angry
Pixies,Something Against You,angry
Devo,Whip It,happy
Killswitch Engage,Reckoning,angry
The Waterboys,Red Army Blues,sad
Headstones,Fuck you,angry
Black Sabbath,War Pigs,angry
At the Gates,Slaughter Of The Soul,angry
The Proclaimers,Letter From America,relaxed
"""Weird Al"" Yankovic",Cable TV,happy
blink-182,Aliens Exist,happy
Demon Hunter,Deteriorate,sad
Jennifer Lopez,Jenny From the Block,happy
OK Go,This Will Be Our Year,happy
Rollins Band,Hotter And Hotter,angry
The Pipettes,Your Kisses Are Wasted On Me,happy
VIRGIN BLACK,Velvet Tongue,sad
Luther Vandross,Promise Me,relaxed
Anberlin,The Runaways,angry
Tom Zé,A Felicidade,relaxed
Hole,Reasons To Be Beautiful,sad
HIM,Heartache Every Moment,sad
Opeth,Blackwater Park,sad
Sondre Lerche,Side Two,relaxed
Morrissey,There's A Place In Hell For Me And My Friends,sad
At The Drive-In,Chanbara,angry
Aerosmith,Dude (Looks Like A Lady),happy
Rammstein,Wo bist du,sad
Weezer,Good Life,angry
Mark Hollis,The Colour Of Spring,sad
Slayer,Crypts of Eternity,angry
Jon & Vangelis,I Hear You Now,relaxed
Beyoncé,Crazy In Love,happy
Quiet Riot,Bang Your Head (Metal Health),angry
Rage Against the Machine,Pistol Grip Pump,angry
Delerium,Fallen Icons,relaxed
Donald Fagen,H Gang,relaxed
The Stooges,1970 (Take 3),angry
Yo La Tengo,Big Day Coming,relaxed
Celtic Woman,The Blessing,relaxed
Johnny Paycheck,Take This Job and Shove It,happy
Faith No More,Epic,angry
Blu Cantrell,Don't Wanna Say Goodbye,sad
Jesus & Mary Chain,Blues from a Gun,angry
The Jets,Make It Real,sad
The Cure,Out Of This World,sad
Psapp,The Words,happy
Cansei de Ser Sexy,Move,happy
Seu Jorge,Rebel Rebel,relaxed
Flight of the Conchords,Inner City Pressure,happy
Air,The Vagabond,relaxed
Reel Big Fish,Your Guts (I Hate 'Em),angry
Limp Bizkit,The Story,angry
Hüsker Dü,Hardly Getting Over It,sad
Willie Nelson,Sad Songs And Waltzes,sad
Split Enz,I Got You,angry
Don Omar,Salio El Sol,happy
Norah Jones,The Long Way Home,relaxed
At The Drive-In,Cosmonaut,angry
Augie March,There Is No Such Place,relaxed
Yeah Yeah Yeahs,Black Tongue,happy
Hatebreed,A Call For Blood,angry
Cursive,Art Is Hard,angry
The String Cheese Incident,Sometimes a River,relaxed
Lisa Ekdahl,Only You,relaxed
Athlete,Flying Over Bus Stops,relaxed
Duke Ellington,Satin Doll,relaxed
Anthrax,C11 H17 N2 O2 S Na,angry
Rick Braun,Walk On The Wild Side,relaxed
Children of Bodom,Downfall,angry
N.W.A,Fuck tha Police,angry
Ministry,Wrong,angry
Alice Cooper,Halo of Flies,angry
Apostle of Hustle,Animal Fat,relaxed
Blue October,Razorblade,angry
Black Flag,Room 13,angry
M. Ward,For Beginners,relaxed
Valley of the Giants,Bala Bay Inn,relaxed
Sleeping at Last,Hurry,relaxed
Janina,Nachts um halb drei,happy
Antony and the Johnsons,Free at Last,sad
Neil Young,I've Loved Her So Long,sad
Kool & The Gang,Summer Madness,relaxed
Animal Collective,Who Could Win a Rabbit,happy
? & The Mysterians,96 Tears,angry
Elvis Presley,In The Ghetto,sad
Fabrizio De André,Preghiera In Gennaio,sad
João Gilberto,Samba Da Minha Terra,relaxed
The Ronettes,Sleigh Ride,happy
Rick James,Super Freak,happy
Laurie Anderson,Speak My Language,sad
Keri Noble,Bartender,sad
Jessica Simpson,A Public Affair,happy
The Pierces,Turn on Billie,relaxed
Madness,Shut Up,happy
Miles Davis,Summertime,relaxed
Bikini Kill,DemiRep,angry
Bronco,Que Te Han Visto Llorar,sad
Anthrax,Anti-Social,angry
Kasia Kowalska,Bezpowrotnie,sad
Kanye West,Through The Wire,happy
Birthday Party,Dead Joe,angry
Papas Fritas,Way You Walk,happy
Emily Jane White,The Demon,sad
Megadeth,Promises,angry
The Stone Roses,(Song For My) Sugar Spun Sister,relaxed
Mastodon,Hearts Alive,angry
Deep Forest,Forest Hymn,relaxed
Siouxsie and the Banshees,Regal Zone,angry
DMX,Ready To Meet Him,sad
Swallow The Sun,The Justice of Suffering,sad
Skinny Puppy,Candle,sad
Glashaus,Was immer jetzt geschieht,sad
Tenacious D,Kyle Quit The Band,happy
The Cooper Temple Clause,Take Comfort,relaxed
Cure,Killing an Arab,angry
Laura Fygi,Dream A Little Dream,relaxed
Bullet For My Valentine,The Poison,angry
Simon & Garfunkel,Patterns,relaxed
Martina Topley-Bird,Ragga,happy
Nick Cave and the Bad Seeds,Lovely Creature,sad
Wu-Tang Clan,Impossible,sad
Maanam,Wyjątkowo zimny maj,sad
Good Shoes,The Photos On My Wall,happy
Lamb of God,Walk with Me in Hell,angry
The Brian Setzer Orchestra,Since I Don't Have You,sad
Jenny Owen Youngs,Keys Out Lights On,relaxed
Kosheen,Under Fire,sad
Ella Fitzgerald,I Get A Kick Out Of You,relaxed
Marilyn Manson,Born Again,angry
Isis,In Fiction,sad
Sophie Zelmani,I'd Be Broken,relaxed
50 Cent,Ski Mask Way,angry
N.W.A,Gangsta Gangsta,angry
My Dying Bride,Grace Unhearing,sad
Portishead,Magic Doors,sad
Ice Cube,How to Survive in South Central,angry
Ricky Martin,La Bomba,happy
Von Hertzen Brothers,Another worthless day,sad
Bone Thugs-N-Harmony,Weed Song,relaxed
Cat Power,The Coat Is Always On,sad
Ben Lee,Whatever It Is,relaxed
Patrick Wolf,To the Lighthouse,sad
Anthrax,A.I.R.,angry
Jill Scott,Whenever You're Around,relaxed
Sinéad O'Connor,I Do Not Want What I Haven't Got,relaxed
Matthews' Southern Comfort,Woodstock,relaxed
Celtic Woman,Beyond The Sea,relaxed
The Asteroids Galaxy Tour,Around The Bend,happy
Queens Of The Stone Age,Six Shooter,angry
Meryl Streep,The Winner Takes It All,sad
Concrete Blonde,Everybody Knows,sad
G. Love & Special Sauce,Relax,relaxed
Noisettes,The Count Of Monte Christo,happy
Jamie O'Neal,All By Myself,sad
The Hoosiers,Worst Case Scenario,happy
Yo La Tengo,Black Flowers,relaxed
Kelly Clarkson,Don't Let Me Stop You,angry
Katatonia,Don't Tell A Soul,sad
Cobra Starship,It's Warmer In The Basement,happy
The Cure,Why Can't I Be You?,happy
Dianne Reeves,One For My Baby,relaxed
The Doors,Celebration of the Lizard,angry
Red House Painters,Medicine Bottle,sad
The Magnetic Fields,The Luckiest Guy On The Lower East Side,happy
The Duke Spirit,Love Is An Unfamiliar Name,happy
Au Revoir Simone,I Couldn't Sleep,relaxed
October Tide,Losing Tomorrow,sad
Alesana,Apology,sad
KMFDM,Don't Blow Your Top,angry
Pulp,Blue Glow,sad
Jonas Brothers,Shelf,happy
Cara Dillon,Blue Mountain River,relaxed
Evanescence,Haunted,sad
Interpol,The Scale,sad
Celtic Woman,The Sky And The Dawn And The Sun,relaxed
Juanes,La Camisa Negra,happy
The Cooper Temple Clause,Talking To A Brick Wall,sad
Moya Brennan,Change My World,relaxed
The Ohio Players,I Want To Be Free,relaxed
Mis-Teeq,Scandalous,happy
Tamia,You Put A Move On My Heart,relaxed
Shakedown,At Night,happy
Steely Dan,Your Gold Teeth II,relaxed
Lykke Li,Sadness Is A Blessing,sad
Kiss,Black Diamond,happy
Hanne Hukkelberg,Balloon,relaxed
Sex Pistols,No Fun,angry
Judy Garland,I'm Nobody's Baby,sad
Beyoncé,Listen,sad
Unbelievable Truth,Dune Sea,sad
Madredeus,O Paraíso,relaxed
Jonathan Coulton,You Ruined Everything,happy
Badly Drawn Boy,This Song,relaxed
Rage Against the Machine,No Shelter,angry
Marla Hansen,Shuffle Your Feet,relaxed
Sophie Zelmani,Fire,sad
Janis Joplin,Get It While You Can,relaxed
Pere Ubu,30 Seconds Over Tokyo,angry
Eftos,Hyaluron,angry
Kool Keith,Tess Shit,angry
Blur,1992,sad
Zombie Girl,Creepy Crawler,angry
Casiotone for the Painfully Alone,Don't They Have Payphones Wherever You Were Last Night,sad
of Montreal,Your Magic Is Working,happy
DIR EN GREY,Merciless Cult,angry
Mayer Hawthorne,A Strange Arrangement,relaxed
Destroyer,Foam Hands,sad
The Sisters Of Mercy,Doctor Jeep,sad
Thirteen Senses,Undivided,sad
Sambassadeur,Ice & Snow,relaxed
Slipknot,Pulse of the Maggots,angry
Gwen Stefani,Rich Girl,happy
Carnifex,Sadistic Embrace,angry
Slayer,Here Comes the Pain,angry
Rihanna,SOS,happy
The Isley Brothers,Hello It's Me,relaxed
The Innocence Mission,Walking Around,relaxed
Clap Your Hands Say Yeah,Upon This Tidal Wave of Young Blood,happy
Michelle Williams,We Break The Dawn,happy
Scandinavian Music Group,Ilman sinua olen lyijyä,sad
M83,She Stands Up,relaxed
The Ruts,Babylon's Burning,angry
Pere Ubu,Modern Dance,angry
Whiskeytown,Easy Hearts,relaxed
Megadeth,Train of Consequences,angry
Anathema,Fragile Dreams,sad
Matt Dusk,Always,relaxed
Remy Shand,Burning Bridges,relaxed
Muse,Hyper Music,angry
Detonautas Roque Clube,Você Me Faz Tão Bem,sad
We Are Scientists,What's The Word,angry
Slightly Stoopid,Wiseman,relaxed
Anaal Nathrakh,The Destroying Angel,angry
Union of Knives,Evil Has Never,sad
Imogen Heap,Spooky,relaxed
Blue Oyster Cult,Godzilla,angry
Blur,It Could Be You,happy
Diamanda Galás,Free Among the Dead,angry
Leonard Cohen,Teachers,sad
Tim Buckley,No Man Can Find The War,sad
Harry Belafonte,Jump in the Line,happy
Bad Company,Bad Company,sad
Jamie Lidell,Multiply,happy
Cat Power,Cross Bones Style,angry
Slayer,Darkness of Christ,angry
Papa Roach,Dead Cell,angry
The Pierces,Lights On,happy
Ween,Boys Club,happy
Talk Talk,I Don't Believe in You,sad
The Cinematic Orchestra,Burn Out,relaxed
Dope,Pig Society,angry
Stina Nordenstam,The End of a Love Affair,sad
Woven Hand,Story and Pictures,sad
Queens Of The Stone Age,Feel Good Hit Of The Summer,happy
Pnau,Embrace,happy
Maps,Glory Verse,relaxed
Flowing Tears,Portsall (Departure Song),sad
Louis Armstrong,Nobody Knows The Trouble I've Seen,sad
Old Crow Medicine Show,Down Home Girl,happy
Donald Fagen,Walk Between Raindrops,relaxed
Al Martino,VOLARE,happy
Pat Boone,Speedy Gonzales,happy
Inner City,Big Fun,happy
Black Sabbath,The Writ,angry
Groove Armada,But I Feel Good,happy
Billy Talent,Pins and Needles,sad
Megadeth,Crush 'Em,angry
Girls Aloud,Whole Lotta History,sad
Blink 182,Adam's Song,angry
Yelle,Mal Poli,happy
Shearwater,You're the Coliseum,relaxed
Lloyd Cole And The Commotions,Are You Ready To Be Heartbroken?,sad
Miley Cyrus,Breakout,happy
Opeth,The Baying of the Hounds,sad
DMX,What's My Name?,angry
Chris Garneau,Things She Said,sad
My Dying Bride,The Light at the End of the World,sad
Baccara,"Sorry, I'm A Lady",happy
Panzer AG,Filth God,angry
Green Day,Platypus,angry
Boyzone,Baby Can I Hold You,relaxed
Howard Jones,Life In One Day,happy
Mindy Smith,Falling,relaxed
Shenandoah,Ghost In This House,sad
The Gathering,Golden Grounds,sad
Anouk,For Bitter Or Worse,sad
The Smashing Pumpkins,Rotten Apples,sad
The Good Life,Heartbroke,sad
Jack Johnson,The Horizon Has Been Defeated,relaxed
The Smiths,This Night Has Opened My Eyes,sad
Idlewild,Love Steals Us From Loneliness,sad
Delta Goodrem,You Will Only Break My Heart,happy
Metallica,Last Caress/Green Hell,angry
Korn,Right Now,angry
Morphine,Murder For The Money,sad
Neurosis,To the Wind,sad
Free,All Right Now,happy
The Beatles,Please Please Me,happy
50 Cent,In Da Club,happy
Trevor Hall,Other Ways,relaxed
Sharon Van Etten,Don't Do It,sad
Slipknot,Wait and Bleed,angry
Alesana,"Congratulations, I hate you",angry
Husky Rescue,Diamonds in the Sky,relaxed
The Fall,Middle Class Revolt,angry
Dope,Die Motherfucker Die,angry
All Time Low,Poppin' Champagne,happy
Megadeth,Black Curtains,angry
PJ Harvey,Snake,angry
Megadeth,Mastermind,angry
The Band,The Night They Drove Old Dixie Down (alternate mix),sad
Turisas,Sahti-Waari,happy
My Morning Jacket,Xmas Curtain,relaxed
Terence Trent D'arby,Delicate,relaxed
Wesley Willis,Oil Express,happy
Boney James,In The Rain ,relaxed
Krokus,Screaming in the Night,angry
The Black Ghosts,Full Moon,relaxed
Incubus,Megalomaniac,angry
Antimatter,God Is Coming,sad
Carbon Leaf,Changeless,relaxed
Pato Fu,30.000 Pés,relaxed
Remy Shand,Take A Message,relaxed
Hawk Nelson,Everything You Ever Wanted,sad
The Jackson 5,The Love You Save,happy
My Dying Bride,Into the Lake of Ghosts,sad
Little Brother,Nighttime Maneuvers,relaxed
Dashboard Confessional,The Shade Of Poison Trees,sad
Böhse Onkelz,"Bin ich nur glücklich, wenn es schmerzt",sad
Enigma,Return to Innocence,relaxed
Dr. Hook,Sylvia's Mother,sad
Eminem,Soldier,angry
Today Is The Day,Temple of the Morning Star,sad
Blondie,One Way Or Another,happy
Beck,Modern Guilt,relaxed
Moxy Früvous,I Love My Boss,happy
Michael Jackson,Someone Put Your Hand Out,relaxed
Pete and the Pirates,Mr Understanding,happy
Slayer,Flesh Storm,angry
Limp Bizkit,Nookie,angry
Copeland,The Grey Man,relaxed
Donald Fagen,Mary Shut The Garden Door,relaxed
Lisa Hannigan,Pistachio,relaxed
Cars Can Be Blue,Dirty Song,happy
Grace Jones,I'm Crying (Mother's Tears),sad
Cajun Dance Party,Amylase,happy
Britney Spears,The Beat Goes On,happy
Kayo Dot,Immortelle and Paper Caravelle,relaxed
Brother Ali,Walking Away,sad
En Vogue,Free Your Mind,happy
Bodyrox,Yeah Yeah,happy
KC And The Sunshine Band,Get Down Tonight,happy
Jack Johnson,Posters,relaxed
Air,New Star in the Sky,relaxed
Children of Bodom,Hatebreeder,angry
DIR EN GREY,AGITATED SCREAMS OF MAGGOTS,angry
José González,Stay In The Shade,relaxed
The New Pornographers,Star Bodies,happy
Dubstar,St. Swithin's Day,relaxed
Ween,Voodoo Lady,happy
Andrew Bird,Armchairs,relaxed
Peaches,Fuck The Pain Away,happy
Delta Goodrem,Throw It Away,relaxed
The Cure,The Lovecats,happy
All Time Low,The Beach,happy
Red House Painters,San Geronimo,sad
Zero 7,I Have Seen,relaxed
Mazzy Star,Free,relaxed
Monster Magnet,Powertrip,angry
Vangelis,Tales of the Future,relaxed
Crippled Black Phoenix,Burnt Reynolds,sad
Sia,Little Black Sandals,relaxed
Renee Olstead,Taking A Chance On Love,relaxed
My Dying Bride,Black God,sad
JC Chasez,Dear Goodbye,sad
Soulsavers,You Will Miss Me When I Burn,sad
Goldfish,Hold Tight,happy
The Modern Lovers,Hospital,sad
Alanis Morissette,All I Really Want,angry
James,Say Something,sad
Dan Le Sac vs Scroobius Pip,Look For The Woman,sad
The Constructus Corporation,I'll See You Now Now,relaxed
Ice Cube,My Summer Vacation,angry
We Are The Fallen,I Am Only One,sad
Evergreen Terrace,Mad World,angry
Hot Chocolate,You Sexy Thing,happy
The Cat Empire,The Rhythm,happy
Ulrich Schnauss,On My Own,relaxed
The Mars Volta,Tetragrammaton,angry
El Perro del Mar,This Loneliness,sad
John Denver,Grandma's Feather Bed,happy
LL Cool J,Mama Said Knock You Out,angry
Gary Numan,Absolution,sad
Beck,Qué Onda Guero,happy
No Doubt,Rock Steady,relaxed
Tori Amos,Tombigbee,angry
Babes In Toyland,Handsome and Gretel,angry
Eagle-Eye Cherry,Permanent Tears,relaxed
No Use for a Name,Born Addicted,angry
Immortal Technique,The 4th Branch,angry
The Format,On Your Porch (acoustic),sad
Tracey Thorn,Nowhere Near,sad
Tenacious D,Papagenu (He's My Sassafrass),happy
Nine Inch Nails,Ruiner,angry
Tool,Intolerance,angry
Jorge Ben,Que Maravilha,relaxed
Melody Gardot,Goodnite,relaxed
Will Young,Who Am I,sad
Lords of Acid,I Sit On Acid (Soulwax remix),happy
Norah Jones,Broken,relaxed
Abra Moore,Sorry,relaxed
David Ford,Laughing Aloud,relaxed
Tracey Thorn,A-Z,sad
Björk,Army Of Me,angry
Despised Icon,In The Arms Of Perdition,angry
Mercury Rev,Holes,relaxed
Peter & Gordon,Lady Godiva,happy
The Notorious B.I.G.,Ready to Die,angry
The Mars Volta,Roulette Dares (The Haunt Of),angry
Deee-Lite,Groove Is In The Heart,happy
Hungry Lucy,To Kill a King,relaxed
Katy Perry,I Kissed A Girl,happy
Tom Waits,Cold Cold Ground,sad
Supreme Beings of Leisure,What's the Deal,relaxed
Curtis Mayfield,Future Shock,angry
Daughtry,What I Want,angry
Megadeth,Prince of Darkness,angry
Junior Boys,Caught in a Wave,relaxed
Lil' Kim,How Many Licks ,happy
Cyndi Lauper,I Drove All Night,happy
Donavon Frankenreiter,On My Mind,relaxed
Slayer,Public Display Of Dismemberment,angry
Slayer,Mandatory Suicide,angry
Lady Gaga,Teeth,happy
Toby Keith,Who's Your Daddy?,happy
M.I.A.,Jimmy,happy
Buzzcocks,Ever Fallen in Love?,angry
The Specials,Guns of Navarone,happy
Katatonia,Brave,sad
Gordon Lightfoot,Carefree Highway,relaxed
Ivy,Edge Of The Ocean,relaxed
Leonard Cohen,The Old Revolution,sad
Porcupine Tree,Shesmovedon,sad
Tupac Shakur,Fuck the World,angry
The Rolling Stones,Heart Of Stone,sad
Rickie Lee Jones,Easy Money,relaxed
Drowning Pool,Step Up,angry
Rage Against the Machine,Bullet In The Head,angry
Foo Fighters,The Pretender,angry
Björn Rosenström,Lurad,happy
Tilly and the Wall,Sing Songs Along,happy
Guano Apes,You Can't Stop Me,angry
The Byrds,He Was A Friend Of Mine,sad
Feelies,Fa Cé-La,angry
Kiss,I Still Love You,sad
The J. Geils Band,Centerfold,happy
Veronica Maggio,MÃ¥ndagsbarn,happy
Mando Diao,Clean Town,happy
Westlife,Uptown Girl,happy
Oceansize,Only Twin,sad
God Module,Sections,sad
Dawn Landes,You Alone,sad
The Stills,Everything I Build,sad
Beth Rowley,Angel Flying Too Close To The Ground,sad
Syd Barrett,Terrapin,relaxed
Marilyn Manson,Man That You Fear,angry
Alice Cooper,Wake the Dead,angry
Slayer,Overt Enemy,angry
Blue Öyster Cult,Death Valley Nights,sad
Barry Mann,Who Put The Bomp ,happy
Frightened Rabbit,My Backwards Walk,sad
Destruction,Fear of the moment,angry
Cradle of Filth,Filthy Little Secret,angry
Bruce Springsteen,Born in the USA,angry
Tilly and the Wall,Fell Down the Stairs,happy
At the Gates,Suicide Nation,angry
Seether,Fade Away,sad
Lamb of God,What I've Become,angry
NOFX,Murder The Government,angry
Al Green,I'm Still In Love With You,relaxed
My Bloody Valentine,No More Sorry,sad
Rammstein,Mutter,sad
Jarvis Cocker,Running The World,angry
Slayer,Hate Worldwide,angry
Megadeth,Foreclosure of a Dream,angry
Mamonas Assassinas,Vira-Vira,happy
Police,Can't Stand Losing You,angry
The Brand New Heavies,Dream Come True,happy
Jack Johnson,Adrift,relaxed
Megadeth,Seven,angry
Killswitch Engage,Unbroken,angry
Enigma,Callas Went Away,relaxed
As Cities Burn,Timothy,sad
Katatonia,Leaders,sad
Hot Chip,In The Privacy Of Our Love,relaxed
Stephen Lynch,Vanilla Ice Cream,happy
Enya,Amid the Falling Snow,relaxed
Tenpole Tudor,Wunderbar,happy
The Little Ones,There's a Pot a Brewin',happy
Sentenced,Aika Multaa Muistot (everything Is Nothing),sad
The Album Leaf,There Is A Wind,relaxed
The Bird And The Bee,I'm a Broken Heart,sad
Hellsongs,Run to the Hills,relaxed
Grand National,Peanut Dreams,relaxed
Slayer,Live Undead,angry
Eliane Elias,Chega De Saudade,relaxed
Demon Hunter,My Heartstrings Come Undone,sad
Eluveitie,Elembivos,sad
Queen,Flash,happy
We Are The Fallen,Tear The World Down,sad
Sentenced,Nepenthe,sad
LeAnn Rimes,Big Deal,angry
Kings of Leon,McFearless,angry
Mando Diao,You Can't Steal My Love,happy
Sondre Lerche,To Be Surprised,happy
The Most Serene Republic,Proposition 61,relaxed
Atari Teenage Riot,Too Dead for Me,angry
The Arrogant Worms,Johnny Came Home Headless,happy
Ice T,New Jack Hustler,angry
Cult of Luna,And With Her Came The Birds,sad
DIR EN GREY,鼓動,sad
Anberlin,Dismantle.Repair.,sad
Lisa Stansfield,Change,happy
Yael Naïm,Lonely,sad
Marissa Nadler,Rosary,sad
The Dead Weather,Will There Be Enough Water?,sad
Dave Matthews Band,I Did It,relaxed
You Love Her Coz She's Dead,Superheroes,angry
Foo Fighters,Virginia Moon,relaxed
Moloko,Party Weirdo,happy
Okkervil River,It Ends With a Fall,sad
Anathallo,Kasa No Hone (the umbrella's bones),relaxed
Architecture in Helsinki,Red Turned White,happy
Gorgoroth,Incipit satan,angry
Richard Hawley,For Your Lover Give Some Time,sad
Jimmy Eat World,Disintegration,sad
Moxy Früvous,Entropy,happy
American Music Club,The Confidential Agent,sad
Minnie Riperton,Memory Lane,relaxed
Gary Numan,One Perfect Lie,sad
Abba,Take A Chance On Me,happy
Rammstein,Eifersucht,angry
Steely Dan,Things I Miss The Most,relaxed
J.B.O.,Walk with An Erection,happy
Leonard Cohen,Winter Lady,sad
Zen Café,Vattupuskassa,sad
Zac Brown Band,Chicken Fried,happy
David Holmes,Gritty Shaker,happy
Rammstein,Ohne dich,sad
The Little Willies,Lou Reed,happy
Rage Against the Machine,New Millennium Homes,angry
Katatonia,The Longest Year,sad
Cake,Where Would I Be?,sad
Chris Garneau,Black & Blue,sad
Aly & AJ,Like Whoa,happy
Shawn Colvin,Wichita Skyline,relaxed
Eurythmics,I Need You,sad
The Presidents of the United States of America,Lump,happy
Sophie Ellis-Bextor,Can't Have It All,sad
Slayer,Ghosts of War,angry
Cascada,What Hurts The Most,happy
El-P,Stepfather Factory,sad
Black Eyed Peas,Anxiety,angry
Interpol,Rest My Chemistry,sad
India.Arie,Little Things,relaxed
Swallow The Sun,Don't Fall Asleep (Horror Pt. 2),sad
Narsilion,A Night in Fairyland,relaxed
Sibylle Baier,Girl,relaxed
Ice Cube,Endangered Species (Tales From the Darkside),angry
Mastodon,I Am Ahab,angry
Louis Armstrong,That Lucky Old Sun ,relaxed
Cake,Wheels,happy
Carpark North,Fireworks,sad
David Bowie,Afraid,sad
Paris Hilton,Fightin' Over Me ,happy
The Smiths,What Difference Does It Make?,sad
Black Flag,Jealous Again,angry
The Oppressed,Victims,angry
Blur,Sunday Sunday,happy
Telepathe,So Fine,happy
Cat Stevens,How Can I Tell You,relaxed
A Perfect Circle,What's Going On,relaxed
Jack Johnson,Situations,relaxed
The Allman Brothers Band,Stormy Monday,relaxed
Echo & the Bunnymen,Do It Clean,angry
Eugene McGuinness,Those Old Black and White Movies Were True,relaxed
Patti LaBelle,New Day,relaxed
Karen O and the Kids,Rumpus,happy
John O'Callaghan,Never Fade Away,relaxed
Zebda,Tomber La Chemise,happy
ERA,Ameno,relaxed
James Yuill,This Sweet Love,relaxed
Natasha Bedingfield,I Wanna Have Your Babies,happy
Dr. Bombay,Rice & Curry,happy
Rage Against the Machine,In My Eyes,angry
Dirty Sanchez,Dig It,happy
Jean Grae,My Story,sad
The Mars Volta,Inertiatic Esp,angry
Todd Rundgren,Song of the Viking,happy
Todd Rundgren,Bang The Drum All Day,happy
Hagalaz' Runedance,Serenade of The Last Wolf,sad
Dead Kennedys,One-Way Ticket to Pluto,angry
Calvin Harris,Merrymaking At My Place,happy
Gil Scott-Heron,Whitey On The Moon,angry
Slayer,Consfearacy,angry
Death From Above 1979,Going Steady,happy
Macy Gray,Come Together,relaxed
The Germs,Sex Boy (Live),angry
Procol Harum,All This and More,sad
Aloha From Hell,Walk Away,sad
Daniel Boone,Beautiful Sunday,happy
"""Weird Al"" Yankovic",Trigger Happy,happy
Rivulets,Barreling Towards Nowhere Like There's No Tomorrow,sad
I Like Trains,The accident,sad
Jesu,Silver,sad
Adam Ant,Apollo 9,happy
Rachel Stevens,Fools,happy
Timo Rautiainen & Trio Niskalaukaus,Lintu,sad
Ensiferum,Slayer Of Light,angry
Maximilian Hecker,My Friends,sad
Silbermond,Symphonie,sad
Devin Townsend,Bad Devil,angry
Max Richter,Old Song,relaxed
Black Rebel Motorcycle Club,Suddenly,sad
Muse,Yes Please,angry
Scissor Sisters,Filthy/Gorgeous,happy
Nine Inch Nails,Something I Can Never Have,sad
Maximilian Hecker,Summer Days in Bloom,relaxed
Spike Jones & His City Slickers,Cocktails For Two,happy
Ludacris,Blow It Out,angry
Garou,Gitan,happy
Gillian Welch,By The Mark,relaxed
Leona Naess,Lazy Days,relaxed
Juana Molina,La Verdad,relaxed
Stray Cats,Rock This Town,happy
The Kooks,One Last Time,sad
Isobel Campbell & Mark Lanegan,No Place To Fall,sad
Air,Cherry Blossom Girl (Radio Mix),relaxed
Venom,Warhead,angry
The Alan Parsons Project,The Cask Of Amontillado,sad
Tone-Lōc,Wild Thing,happy
Dierks Bentley,What Was I Thinkin',happy
G. Love,Missing My Baby,relaxed
Christina Aguilera,Hurt,angry
The Stooges,T.V. Eye,angry
Arctic Monkeys,The View From the Afternoon,happy
3 Doors Down,Be Somebody,sad
stellastarr*,Sweet Troubled Soul,happy
Sun Kil Moon,Carry Me Ohio,sad
Sylvester,You Make Me Feel (Mighty Real),happy
Love,Orange Skies,relaxed
Diary of Dreams,Portrait Of A Cynic,sad
Tori Amos,Professional Widow,angry
ATB,Marrakech,relaxed
Death Cab For Cutie,Soul Meets Body (Rolling Stone Original),relaxed
Slayer,Ghosts Of War,angry
Lunascape,Inferno,relaxed
India.Arie,The Truth,relaxed
Neutral Milk Hotel,April 8th,sad
Isis,The Other,sad
Opeth,Heir Apparent,angry
High On Fire,The Face of Oblivion,angry
Mohombi,Bumpy Ride,happy
Dwele,Find A Way,relaxed
Ray Charles,What'd I Say,happy
Above & Beyond,Home,relaxed
Marilyn Manson,Misery Machine,angry
Titus Andronicus,Arms Against Atrophy,angry
Antimatter,Fighting for a Lost Cause,sad
Natalie Merchant,San Andreas Fault (Remastered LP Version),sad
Lisa Ekdahl,Öppna Upp Ditt Fönster,happy
Liv Kristine,Take Good Care,relaxed
Ben Folds Five,Brick,sad
Amy Winehouse,Monkey Man,happy
Air,Photograph,relaxed
DIR EN GREY,GRIEF,angry
Pearl Jam,Animal,angry
Ryan Adams,This House Is Not For Sale,relaxed
Lloyd Banks,Father Time,angry
SWV,You're The One,happy
Cut Off Your Hands,Oh Girl,happy
Nicole Atkins,Together We're Both Alone,relaxed
Zeromancer,Houses of Cards,sad
Biosphere,The Things I Tell You,relaxed
Until June,The Saddest Song,sad
Lordi,Hard Rock Hallelujah,happy
Edward Sharpe & the Magnetic Zeros,40 Day Dream,happy
David Jordan,Sun Goes Down,happy
Shenandoah,Ghost In this House,sad
Dew-Scented,Blueprints of hate,angry
Bon Jovi,Bad Medicine,happy
Cocteau Twins,Squeeze-Wax,relaxed
Anathema,Far Away,sad
The Velvet Underground,Sunday Morning,relaxed
David Sanborn,Try A Little Tenderness,relaxed
Rufus Wainwright,This Love Affair,sad
Bodo Wartke,Ich trau mich nicht,happy
The Maine,The Way We Talk,happy
"Harry Connick, Jr.",A Wink and a Smile,relaxed
Howie Day,Numbness For Sound,sad
Alison Krauss,Ghost in This House,sad
Richard Hell & the Voidoids,Love Comes in Spurts,angry
Dana Glover,Thinking Over,relaxed
Triumph the Insult Comic Dog,I Keed (Album Version),happy
Cake,Short Skirt/Long Jacket,happy
Godsmack,Vampires,angry
Jamie Cullum,These Are The Days,relaxed
Slipknot,(Sic),angry
Cradle of Filth,The Foetus of a New Day Kicking,angry
Animal Collective,Water Curses,happy
Groove Coverage,She,happy
Beatallica,Sgt. Hetfield's Motorbreath Pub Band,happy
Eminem,Lose Yourself,angry
Green Carnation,Two Seconds in Life,sad
Happy Mondays,Kinky Afro,happy
"""Weird Al"" Yankovic",Polkas On 45,happy
Nine Inch Nails,"No, You Don't",angry
The Crazy World of Arthur Brown,Fire,angry
Juanes,Me Enamora,happy
R.E.M.,Moon River,sad
Acid Bath,Dope Fiend,angry
Stephen Lynch,Little Tiny Moustache,happy
Robert Plant,Satan Your Kingdom Must Come Down,relaxed
Chris Garneau,Saturday,sad
Enya,Evacuee,relaxed
Calvin Harris,Disco Heat,happy
PJ Harvey,Man-Size,angry
Mortal Love,All The Beauty,sad
Lenny Kravitz,If You Can't Say No,relaxed
Jane Monheit,Moon River,relaxed
Turin Brakes,Future Boy,relaxed
Slayer,World Painted Blood,angry
Cavalera Conspiracy,Inflikted,angry
Boyzone,Gave It All Away,sad
Limp Bizkit,Eat You Alive,angry
Static-X,No Submission,angry
Primordial,Gallows Hymn,sad
Misfits,Violent World,angry
W.A.S.P.,I Don't Need No Doctor,angry
A Day To Remember,If It Means a Lot to You,sad
Prince,"Beautiful, Loved and Blessed",relaxed
Deine Lakaien,The Game,sad
Fatboy Slim,Talking Bout My Baby,happy
Cooler Kids,All Around The World (Punk Debutante),happy